-- MySQL dump 10.13  Distrib 8.0.15, for Win64 (x86_64)
--
-- Host: localhost    Database: kaka
-- ------------------------------------------------------
-- Server version	8.0.15

/*!40101 SET @OLD_CHARACTER_SET_CLIENT=@@CHARACTER_SET_CLIENT */;
/*!40101 SET @OLD_CHARACTER_SET_RESULTS=@@CHARACTER_SET_RESULTS */;
/*!40101 SET @OLD_COLLATION_CONNECTION=@@COLLATION_CONNECTION */;
 SET NAMES utf8mb4 ;
/*!40103 SET @OLD_TIME_ZONE=@@TIME_ZONE */;
/*!40103 SET TIME_ZONE='+00:00' */;
/*!40014 SET @OLD_UNIQUE_CHECKS=@@UNIQUE_CHECKS, UNIQUE_CHECKS=0 */;
/*!40014 SET @OLD_FOREIGN_KEY_CHECKS=@@FOREIGN_KEY_CHECKS, FOREIGN_KEY_CHECKS=0 */;
/*!40101 SET @OLD_SQL_MODE=@@SQL_MODE, SQL_MODE='NO_AUTO_VALUE_ON_ZERO' */;
/*!40111 SET @OLD_SQL_NOTES=@@SQL_NOTES, SQL_NOTES=0 */;

--
-- Table structure for table `t_bespeak`
--

DROP TABLE IF EXISTS `t_bespeak`;
/*!40101 SET @saved_cs_client     = @@character_set_client */;
 SET character_set_client = utf8mb4 ;
CREATE TABLE `t_bespeak` (
  `id` int(11) NOT NULL AUTO_INCREMENT,
  `customerId` int(11) NOT NULL,
  `franchiserId` int(11) NOT NULL,
  `consultantId` int(11) NOT NULL,
  `createTime` datetime DEFAULT NULL,
  `bespeakTime` datetime DEFAULT NULL,
  PRIMARY KEY (`id`)
) ENGINE=InnoDB DEFAULT CHARSET=utf8;
/*!40101 SET character_set_client = @saved_cs_client */;

--
-- Dumping data for table `t_bespeak`
--

LOCK TABLES `t_bespeak` WRITE;
/*!40000 ALTER TABLE `t_bespeak` DISABLE KEYS */;
/*!40000 ALTER TABLE `t_bespeak` ENABLE KEYS */;
UNLOCK TABLES;

--
-- Table structure for table `t_card`
--

DROP TABLE IF EXISTS `t_card`;
/*!40101 SET @saved_cs_client     = @@character_set_client */;
 SET character_set_client = utf8mb4 ;
CREATE TABLE `t_card` (
  `id` int(11) NOT NULL AUTO_INCREMENT,
  `name` varchar(64) DEFAULT NULL,
  `rule` blob,
  PRIMARY KEY (`id`)
) ENGINE=InnoDB AUTO_INCREMENT=2 DEFAULT CHARSET=utf8;
/*!40101 SET character_set_client = @saved_cs_client */;

--
-- Dumping data for table `t_card`
--

LOCK TABLES `t_card` WRITE;
/*!40000 ALTER TABLE `t_card` DISABLE KEYS */;
/*!40000 ALTER TABLE `t_card` ENABLE KEYS */;
UNLOCK TABLES;

--
-- Table structure for table `t_card_level`
--

DROP TABLE IF EXISTS `t_card_level`;
/*!40101 SET @saved_cs_client     = @@character_set_client */;
 SET character_set_client = utf8mb4 ;
CREATE TABLE `t_card_level` (
  `id` int(11) NOT NULL AUTO_INCREMENT,
  `cardId` int(11) NOT NULL,
  `level` varchar(16) DEFAULT NULL,
  `name` varchar(64) DEFAULT NULL,
  `imageUrl` varchar(128) NOT NULL,
  `points` int(11) NOT NULL,
  PRIMARY KEY (`id`)
) ENGINE=InnoDB AUTO_INCREMENT=6 DEFAULT CHARSET=utf8;
/*!40101 SET character_set_client = @saved_cs_client */;

--
-- Dumping data for table `t_card_level`
--

LOCK TABLES `t_card_level` WRITE;
/*!40000 ALTER TABLE `t_card_level` DISABLE KEYS */;
/*!40000 ALTER TABLE `t_card_level` ENABLE KEYS */;
UNLOCK TABLES;

--
-- Table structure for table `t_carousel`
--

DROP TABLE IF EXISTS `t_carousel`;
/*!40101 SET @saved_cs_client     = @@character_set_client */;
 SET character_set_client = utf8mb4 ;
CREATE TABLE `t_carousel` (
  `id` int(11) NOT NULL AUTO_INCREMENT,
  `name` varchar(32) DEFAULT NULL,
  `imageUrl` varchar(128) DEFAULT NULL,
  `status` varchar(16) DEFAULT NULL,
  `createTime` datetime DEFAULT NULL,
  PRIMARY KEY (`id`)
) ENGINE=InnoDB AUTO_INCREMENT=2 DEFAULT CHARSET=utf8;
/*!40101 SET character_set_client = @saved_cs_client */;

--
-- Dumping data for table `t_carousel`
--

LOCK TABLES `t_carousel` WRITE;
/*!40000 ALTER TABLE `t_carousel` DISABLE KEYS */;
/*!40000 ALTER TABLE `t_carousel` ENABLE KEYS */;
UNLOCK TABLES;

--
-- Table structure for table `t_carousel_plot`
--

DROP TABLE IF EXISTS `t_carousel_plot`;
/*!40101 SET @saved_cs_client     = @@character_set_client */;
 SET character_set_client = utf8mb4 ;
CREATE TABLE `t_carousel_plot` (
  `id` int(11) NOT NULL AUTO_INCREMENT,
  `carouselId` int(11) DEFAULT NULL,
  `plot` blob,
  PRIMARY KEY (`id`)
) ENGINE=InnoDB AUTO_INCREMENT=2 DEFAULT CHARSET=utf8;
/*!40101 SET character_set_client = @saved_cs_client */;

--
-- Dumping data for table `t_carousel_plot`
--

LOCK TABLES `t_carousel_plot` WRITE;
/*!40000 ALTER TABLE `t_carousel_plot` DISABLE KEYS */;
/*!40000 ALTER TABLE `t_carousel_plot` ENABLE KEYS */;
UNLOCK TABLES;

--
-- Table structure for table `t_consultant`
--

DROP TABLE IF EXISTS `t_consultant`;
/*!40101 SET @saved_cs_client     = @@character_set_client */;
 SET character_set_client = utf8mb4 ;
CREATE TABLE `t_consultant` (
  `id` int(11) NOT NULL AUTO_INCREMENT,
  `name` varchar(32) DEFAULT NULL,
  `imageUrl` varchar(128) DEFAULT NULL,
  `phone` varchar(11) DEFAULT NULL,
  PRIMARY KEY (`id`)
) ENGINE=InnoDB DEFAULT CHARSET=utf8;
/*!40101 SET character_set_client = @saved_cs_client */;

--
-- Dumping data for table `t_consultant`
--

LOCK TABLES `t_consultant` WRITE;
/*!40000 ALTER TABLE `t_consultant` DISABLE KEYS */;
/*!40000 ALTER TABLE `t_consultant` ENABLE KEYS */;
UNLOCK TABLES;

--
-- Table structure for table `t_customer`
--

DROP TABLE IF EXISTS `t_customer`;
/*!40101 SET @saved_cs_client     = @@character_set_client */;
 SET character_set_client = utf8mb4 ;
CREATE TABLE `t_customer` (
  `id` int(11) NOT NULL AUTO_INCREMENT,
  `name` varchar(32) DEFAULT NULL,
  `openid` varchar(32) NOT NULL,
  `avatarUrl` varchar(128) DEFAULT NULL,
  `status` varchar(16) NOT NULL,
  `createTime` datetime NOT NULL,
  `cardNo` varchar(18) CHARACTER SET utf8 COLLATE utf8_general_ci DEFAULT NULL,
  `phone` varchar(16) DEFAULT NULL,
  `points` int(11) DEFAULT '0',
  PRIMARY KEY (`id`)
) ENGINE=InnoDB AUTO_INCREMENT=2 DEFAULT CHARSET=utf8;
/*!40101 SET character_set_client = @saved_cs_client */;

--
-- Dumping data for table `t_customer`
--

LOCK TABLES `t_customer` WRITE;
/*!40000 ALTER TABLE `t_customer` DISABLE KEYS */;
/*!40000 ALTER TABLE `t_customer` ENABLE KEYS */;
UNLOCK TABLES;

--
-- Table structure for table `t_form`
--

DROP TABLE IF EXISTS `t_form`;
/*!40101 SET @saved_cs_client     = @@character_set_client */;
 SET character_set_client = utf8mb4 ;
CREATE TABLE `t_form` (
  `id` int(11) NOT NULL AUTO_INCREMENT,
  `userId` int(11) DEFAULT NULL,
  `formId` varchar(64) DEFAULT NULL,
  `createTime` datetime NOT NULL,
  PRIMARY KEY (`id`)
) ENGINE=InnoDB DEFAULT CHARSET=utf8;
/*!40101 SET character_set_client = @saved_cs_client */;

--
-- Dumping data for table `t_form`
--

LOCK TABLES `t_form` WRITE;
/*!40000 ALTER TABLE `t_form` DISABLE KEYS */;
/*!40000 ALTER TABLE `t_form` ENABLE KEYS */;
UNLOCK TABLES;

--
-- Table structure for table `t_franchiser`
--

DROP TABLE IF EXISTS `t_franchiser`;
/*!40101 SET @saved_cs_client     = @@character_set_client */;
 SET character_set_client = utf8mb4 ;
CREATE TABLE `t_franchiser` (
  `id` int(11) NOT NULL AUTO_INCREMENT,
  `locationId` int(11) NOT NULL,
  `name` varchar(128) DEFAULT NULL,
  `address` varchar(256) NOT NULL,
  PRIMARY KEY (`id`)
) ENGINE=InnoDB AUTO_INCREMENT=2 DEFAULT CHARSET=utf8;
/*!40101 SET character_set_client = @saved_cs_client */;

--
-- Dumping data for table `t_franchiser`
--

LOCK TABLES `t_franchiser` WRITE;
/*!40000 ALTER TABLE `t_franchiser` DISABLE KEYS */;
/*!40000 ALTER TABLE `t_franchiser` ENABLE KEYS */;
UNLOCK TABLES;

--
-- Table structure for table `t_points`
--

DROP TABLE IF EXISTS `t_points`;
/*!40101 SET @saved_cs_client     = @@character_set_client */;
 SET character_set_client = utf8mb4 ;
CREATE TABLE `t_points` (
  `id` int(11) NOT NULL AUTO_INCREMENT,
  `customerId` int(11) NOT NULL,
  `userId` int(11) DEFAULT NULL,
  `shopId` int(11) DEFAULT NULL,
  `points` int(11) NOT NULL,
  `createTime` datetime NOT NULL,
  `remark` varchar(256) NOT NULL,
  PRIMARY KEY (`id`)
) ENGINE=InnoDB AUTO_INCREMENT=2 DEFAULT CHARSET=utf8;
/*!40101 SET character_set_client = @saved_cs_client */;

--
-- Dumping data for table `t_points`
--

LOCK TABLES `t_points` WRITE;
/*!40000 ALTER TABLE `t_points` DISABLE KEYS */;
/*!40000 ALTER TABLE `t_points` ENABLE KEYS */;
UNLOCK TABLES;

--
-- Table structure for table `t_shop`
--

DROP TABLE IF EXISTS `t_shop`;
/*!40101 SET @saved_cs_client     = @@character_set_client */;
 SET character_set_client = utf8mb4 ;
CREATE TABLE `t_shop` (
  `id` int(11) NOT NULL AUTO_INCREMENT,
  `locationId` int(11) NOT NULL,
  `code` varchar(128) DEFAULT NULL,
  `name` varchar(128) DEFAULT NULL,
  `address` varchar(256) NOT NULL,
  `longitude` varchar(16) NOT NULL,
  `latitude` varchar(16) NOT NULL,
  `radius` varchar(8) NOT NULL,
  PRIMARY KEY (`id`)
) ENGINE=InnoDB AUTO_INCREMENT=2 DEFAULT CHARSET=utf8;
/*!40101 SET character_set_client = @saved_cs_client */;

--
-- Dumping data for table `t_shop`
--

LOCK TABLES `t_shop` WRITE;
/*!40000 ALTER TABLE `t_shop` DISABLE KEYS */;
/*!40000 ALTER TABLE `t_shop` ENABLE KEYS */;
UNLOCK TABLES;

--
-- Table structure for table `t_system_auth`
--

DROP TABLE IF EXISTS `t_system_auth`;
/*!40101 SET @saved_cs_client     = @@character_set_client */;
 SET character_set_client = utf8mb4 ;
CREATE TABLE `t_system_auth` (
  `id` int(11) NOT NULL AUTO_INCREMENT,
  `authCode` varchar(64) DEFAULT NULL,
  `authName` varchar(64) DEFAULT NULL,
  `authType` varchar(16) DEFAULT NULL,
  `parentId` int(11) DEFAULT NULL,
  `level` smallint(6) DEFAULT NULL,
  `createTime` datetime DEFAULT NULL,
  PRIMARY KEY (`id`)
) ENGINE=InnoDB AUTO_INCREMENT=64 DEFAULT CHARSET=utf8;
/*!40101 SET character_set_client = @saved_cs_client */;

--
-- Dumping data for table `t_system_auth`
--

LOCK TABLES `t_system_auth` WRITE;
/*!40000 ALTER TABLE `t_system_auth` DISABLE KEYS */;
INSERT INTO `t_system_auth` VALUES (1,'system.user','人员管理','menu',NULL,0,'2018-03-06 09:09:08'),(2,'system.user.add','新增人员','oper',1,1,'2018-03-06 09:09:32'),(3,'system.user.edit','编辑人员','oper',1,0,'2018-03-06 09:09:49'),(4,'system.user.delete','删除人员','oper',1,1,'2018-03-06 09:10:01'),(5,'system.role','角色管理','menu',NULL,0,'2018-03-06 09:10:54'),(6,'system.role.add','新增角色','oper',5,1,'2018-03-06 09:12:07'),(7,'system.role.edit','编辑角色','oper',5,0,'2018-03-06 09:12:17'),(8,'system.role.delete','删除角色','oper',5,1,'2018-03-06 09:12:27'),(9,'system.auth','权限管理','menu',NULL,0,'2018-03-06 09:13:40'),(10,'system.auth.add','新增权限','oper',9,1,'2018-03-06 09:14:12'),(11,'system.auth.update','修改权限','oper',9,1,'2018-03-06 09:14:23'),(12,'system.auth.delete','删除权限','oper',9,1,'2018-03-06 09:14:37'),(13,'system.auth.detail','查看权限','oper',9,1,'2018-08-23 01:15:00'),(14,'system.user.authorize','人员授权','oper',1,1,'2018-08-23 01:16:49'),(15,'system.role.authorize','角色授权','oper',5,1,'2018-08-23 01:17:34'),(16,'system.setting','个人设置','oper',1,1,'2019-04-12 12:08:56'),(17,'system.config','系统参数','menu',NULL,0,'2019-04-12 12:09:51'),(18,'system.config.add','新增参数','oper',17,1,'2019-04-12 12:10:22'),(19,'system.config.edit','修改参数','oper',17,1,'2019-04-12 12:10:43'),(20,'system.config.delete','删除参数','oper',17,1,'2019-04-12 12:11:06'),(21,'system.log','系统日志','menu',NULL,0,'2019-04-12 12:13:04'),(22,'system.log.detail','查看日志详情','oper',21,1,'2019-04-12 12:14:03'),(23,'carousel','轮播管理','menu',NULL,0,'2019-04-12 12:43:00'),(24,'carousel.add','新增轮播图','oper',23,1,'2019-04-12 12:43:26'),(25,'carousel.update','修改轮播图','oper',23,1,'2019-04-12 12:44:13'),(26,'carousel.up','上架轮播图','oper',23,1,'2019-04-12 12:44:42'),(27,'carousel.delete','删除轮播图','oper',23,1,'2019-04-12 12:45:03'),(28,'carousel.down','下架轮播图','oper',23,1,'2019-04-12 12:45:21'),(29,'customer','会员管理','menu',NULL,0,'2019-04-12 12:47:07'),(30,'customer','会员信息','menu',29,1,'2019-04-12 12:49:54'),(31,'customer.detail','查看会员详情','oper',30,2,'2019-04-12 12:50:44'),(32,'card','会员卡','menu',29,1,'2019-04-12 18:10:21'),(33,'system.location','地区管理','menu',NULL,0,'2019-04-13 08:20:17'),(34,'system.location.detail','查看地区详情','oper',33,1,'2019-04-13 08:20:59'),(35,'system.location.add','新增地区','oper',33,1,'2019-04-13 08:21:20'),(36,'system.location.update','修改地区','oper',33,1,'2019-04-13 08:21:41'),(37,'system.location.delete','删除地区','oper',33,1,'2019-04-13 08:22:01'),(38,'shop','门店管理','menu',NULL,0,'2019-04-13 14:27:26'),(39,'shop.add','新增门店','oper',38,1,'2019-04-13 14:30:20'),(40,'shop.detail','查看门店详情','oper',38,1,'2019-04-13 14:30:46'),(41,'shop.acode','生成积分码','oper',38,1,'2019-04-13 14:31:06'),(42,'shop.update','修改门店','oper',38,1,'2019-04-13 14:31:27'),(43,'shop.delete','删除门店','oper',38,1,'2019-04-13 14:31:47'),(44,'franchiser','经销商','menu',NULL,0,'2019-04-14 07:57:50'),(45,'franchiser.add','新增经销商','oper',44,1,'2019-04-14 07:58:29'),(46,'franchiser.detail','查看经销商详情','oper',44,1,'2019-04-14 07:59:03'),(47,'franchiser.update','修改经销商','oper',44,1,'2019-04-14 07:59:26'),(48,'franchiser.delete','删除经销商','oper',44,1,'2019-04-14 07:59:42'),(49,'consultant','汽车顾问','menu',NULL,0,'2019-04-14 09:31:11'),(50,'consultant.add','新增汽车顾问','oper',49,1,'2019-04-14 09:33:18'),(51,'consultant.update','修改汽车顾问','oper',49,1,'2019-04-14 09:33:47'),(52,'consultant.delete','删除汽车顾问','oper',49,1,'2019-04-14 09:34:05'),(53,'bespeak','预约看车','menu',29,1,'2019-04-14 11:26:03'),(54,'bespeak.detail','查看预约详情','oper',53,2,'2019-04-14 11:26:33'),(55,'customer.points','调整积分','oper',30,2,'2019-04-14 16:01:34'),(56,'message','消息模板','menu',NULL,0,'2019-04-16 09:54:38'),(57,'template','消息模板','menu',56,1,'2019-04-16 09:55:13'),(58,'push','消息推送','menu',56,1,'2019-04-16 09:55:33'),(59,'template.add','添加个人模板','oper',57,2,'2019-04-16 10:26:03'),(60,'template.detail','预览个人模板','oper',57,2,'2019-04-16 10:26:37'),(61,'template.delete','删除个人模板','oper',57,2,'2019-04-16 10:27:01'),(62,'template.sync','同步个人模板','oper',57,2,'2019-04-16 10:34:32');
/*!40000 ALTER TABLE `t_system_auth` ENABLE KEYS */;
UNLOCK TABLES;

--
-- Table structure for table `t_system_config`
--

DROP TABLE IF EXISTS `t_system_config`;
/*!40101 SET @saved_cs_client     = @@character_set_client */;
 SET character_set_client = utf8mb4 ;
CREATE TABLE `t_system_config` (
  `id` int(11) NOT NULL AUTO_INCREMENT,
  `propertyName` varchar(64) DEFAULT NULL,
  `propertyValue` varchar(512) DEFAULT NULL,
  `propertyDesc` varchar(512) DEFAULT NULL,
  PRIMARY KEY (`id`)
) ENGINE=InnoDB AUTO_INCREMENT=8 DEFAULT CHARSET=utf8;
/*!40101 SET character_set_client = @saved_cs_client */;

--
-- Dumping data for table `t_system_config`
--

LOCK TABLES `t_system_config` WRITE;
/*!40000 ALTER TABLE `t_system_config` DISABLE KEYS */;
INSERT INTO `t_system_config` VALUES (1,'wx.appid','wx25fec6dbca9b236b','小程序appid'),(2,'wx.secret','f241eb0ba7d5fe45c23af06dc2cdd6f9','小程序APPID对应的secret'),(3,'wx.acode.page','pages/index/index','小程序积分码跳转页面'),(4,'wx.name','悦盟卡','小程序名称'),(5,'wx.icon','https://wx.qlogo.cn/mmhead/Q3auHgzwzM7jXib12oMRzN9focn4Ha6xDB0rO7VicaIkuQOSQNxIBmTg/0','小程序图标地址'),(6,'sys.user.avatar','http://img1.imgtn.bdimg.com/it/u=2547219944,305786735&fm=26&gp=0.jpg','系统默认人员头像'),(7,'sys.name','悦盟卡管理系统','系统名称');
/*!40000 ALTER TABLE `t_system_config` ENABLE KEYS */;
UNLOCK TABLES;

--
-- Table structure for table `t_system_location`
--

DROP TABLE IF EXISTS `t_system_location`;
/*!40101 SET @saved_cs_client     = @@character_set_client */;
 SET character_set_client = utf8mb4 ;
CREATE TABLE `t_system_location` (
  `id` int(11) NOT NULL AUTO_INCREMENT,
  `locationCode` varchar(32) NOT NULL,
  `locationName` varchar(512) NOT NULL,
  `locationCodePath` varchar(512) NOT NULL,
  `locationNamePath` varchar(512) NOT NULL,
  `parentId` int(11) DEFAULT NULL,
  `level` smallint(6) NOT NULL,
  `createTime` datetime NOT NULL,
  PRIMARY KEY (`id`)
) ENGINE=InnoDB AUTO_INCREMENT=10 DEFAULT CHARSET=utf8;
/*!40101 SET character_set_client = @saved_cs_client */;

--
-- Dumping data for table `t_system_location`
--

LOCK TABLES `t_system_location` WRITE;
/*!40000 ALTER TABLE `t_system_location` DISABLE KEYS */;
/*!40000 ALTER TABLE `t_system_location` ENABLE KEYS */;
UNLOCK TABLES;

--
-- Table structure for table `t_system_log`
--

DROP TABLE IF EXISTS `t_system_log`;
/*!40101 SET @saved_cs_client     = @@character_set_client */;
 SET character_set_client = utf8mb4 ;
CREATE TABLE `t_system_log` (
  `id` int(11) NOT NULL AUTO_INCREMENT,
  `clientIp` varchar(16) DEFAULT NULL,
  `userId` int(11) DEFAULT NULL,
  `userName` varchar(64) DEFAULT NULL,
  `params` varchar(1024) DEFAULT NULL,
  `module` varchar(32) DEFAULT NULL,
  `operType` varchar(32) DEFAULT NULL,
  `content` varchar(1024) DEFAULT NULL,
  `result` varchar(256) DEFAULT NULL,
  `time` int(11) DEFAULT NULL,
  `title` varchar(128) DEFAULT NULL,
  `operateTime` datetime DEFAULT NULL,
  PRIMARY KEY (`id`)
) ENGINE=InnoDB AUTO_INCREMENT=199 DEFAULT CHARSET=utf8;
/*!40101 SET character_set_client = @saved_cs_client */;

--
-- Dumping data for table `t_system_log`
--

LOCK TABLES `t_system_log` WRITE;
/*!40000 ALTER TABLE `t_system_log` DISABLE KEYS */;
/*!40000 ALTER TABLE `t_system_log` ENABLE KEYS */;
UNLOCK TABLES;

--
-- Table structure for table `t_system_role`
--

DROP TABLE IF EXISTS `t_system_role`;
/*!40101 SET @saved_cs_client     = @@character_set_client */;
 SET character_set_client = utf8mb4 ;
CREATE TABLE `t_system_role` (
  `id` int(11) NOT NULL AUTO_INCREMENT,
  `roleName` varchar(64) DEFAULT NULL,
  `createTime` datetime DEFAULT NULL,
  PRIMARY KEY (`id`)
) ENGINE=InnoDB AUTO_INCREMENT=2 DEFAULT CHARSET=utf8;
/*!40101 SET character_set_client = @saved_cs_client */;

--
-- Dumping data for table `t_system_role`
--

LOCK TABLES `t_system_role` WRITE;
/*!40000 ALTER TABLE `t_system_role` DISABLE KEYS */;
INSERT INTO `t_system_role` VALUES (1,'系统管理员','2019-04-12 12:34:07');
/*!40000 ALTER TABLE `t_system_role` ENABLE KEYS */;
UNLOCK TABLES;

--
-- Table structure for table `t_system_role_auth`
--

DROP TABLE IF EXISTS `t_system_role_auth`;
/*!40101 SET @saved_cs_client     = @@character_set_client */;
 SET character_set_client = utf8mb4 ;
CREATE TABLE `t_system_role_auth` (
  `id` int(11) NOT NULL AUTO_INCREMENT,
  `roleId` int(11) DEFAULT NULL,
  `authId` int(11) DEFAULT NULL,
  PRIMARY KEY (`id`)
) ENGINE=InnoDB AUTO_INCREMENT=44 DEFAULT CHARSET=utf8;
/*!40101 SET character_set_client = @saved_cs_client */;

--
-- Dumping data for table `t_system_role_auth`
--

LOCK TABLES `t_system_role_auth` WRITE;
/*!40000 ALTER TABLE `t_system_role_auth` DISABLE KEYS */;
INSERT INTO `t_system_role_auth` VALUES (1,1,1),(2,1,2),(3,1,3),(4,1,4),(5,1,14),(6,1,16),(7,1,5),(8,1,6),(9,1,7),(10,1,8),(11,1,15),(12,1,23),(13,1,24),(14,1,25),(15,1,26),(16,1,27),(17,1,28),(18,1,29),(19,1,30),(20,1,31),(21,1,32),(22,1,33),(23,1,34),(24,1,35),(25,1,36),(26,1,37),(27,1,38),(28,1,39),(29,1,40),(30,1,41),(31,1,42),(32,1,43),(33,1,53),(34,1,54),(35,1,44),(36,1,45),(38,1,47),(39,1,48),(40,1,49),(41,1,50),(42,1,51),(43,1,52);
/*!40000 ALTER TABLE `t_system_role_auth` ENABLE KEYS */;
UNLOCK TABLES;

--
-- Table structure for table `t_system_user`
--

DROP TABLE IF EXISTS `t_system_user`;
/*!40101 SET @saved_cs_client     = @@character_set_client */;
 SET character_set_client = utf8mb4 ;
CREATE TABLE `t_system_user` (
  `id` int(11) NOT NULL AUTO_INCREMENT,
  `userName` varchar(32) DEFAULT NULL,
  `password` varchar(128) DEFAULT NULL,
  `nickName` varchar(64) DEFAULT NULL,
  `realName` varchar(32) DEFAULT NULL,
  `salt` varchar(16) DEFAULT NULL,
  `openId` varchar(128) DEFAULT NULL,
  `phone` varchar(11) DEFAULT NULL,
  `createTime` datetime DEFAULT NULL,
  `orgId` int(11) DEFAULT NULL,
  `imageUrl` varchar(128) DEFAULT NULL,
  PRIMARY KEY (`id`)
) ENGINE=InnoDB AUTO_INCREMENT=3 DEFAULT CHARSET=utf8;
/*!40101 SET character_set_client = @saved_cs_client */;

--
-- Dumping data for table `t_system_user`
--

LOCK TABLES `t_system_user` WRITE;
/*!40000 ALTER TABLE `t_system_user` DISABLE KEYS */;
INSERT INTO `t_system_user` VALUES (1,'admin','3d1463e279bd9c5277df283bcc2aa545','超级管理员','袁文树','tJbpS',NULL,'15086920153','2018-04-13 13:44:01',NULL,NULL),(2,'刘小凯','0415d2dcb45d71a22590f2a8cbf60ee6','刘小凯','刘小凯','ABKM4',NULL,'15023184811','2019-04-12 12:57:36',NULL,'http://127.0.0.1:8082/files/image/7/a/07d6123f4fb74ac7a3f4ae389aec4e11_20190412205545.jpg');
/*!40000 ALTER TABLE `t_system_user` ENABLE KEYS */;
UNLOCK TABLES;

--
-- Table structure for table `t_system_user_role`
--

DROP TABLE IF EXISTS `t_system_user_role`;
/*!40101 SET @saved_cs_client     = @@character_set_client */;
 SET character_set_client = utf8mb4 ;
CREATE TABLE `t_system_user_role` (
  `id` int(11) NOT NULL AUTO_INCREMENT,
  `roleId` int(11) DEFAULT NULL,
  `userId` int(11) DEFAULT NULL,
  PRIMARY KEY (`id`)
) ENGINE=InnoDB AUTO_INCREMENT=3 DEFAULT CHARSET=utf8;
/*!40101 SET character_set_client = @saved_cs_client */;

--
-- Dumping data for table `t_system_user_role`
--

LOCK TABLES `t_system_user_role` WRITE;
/*!40000 ALTER TABLE `t_system_user_role` DISABLE KEYS */;
INSERT INTO `t_system_user_role` VALUES (1,1,1),(2,1,2);
/*!40000 ALTER TABLE `t_system_user_role` ENABLE KEYS */;
UNLOCK TABLES;

--
-- Table structure for table `t_template`
--

DROP TABLE IF EXISTS `t_template`;
/*!40101 SET @saved_cs_client     = @@character_set_client */;
 SET character_set_client = utf8mb4 ;
CREATE TABLE `t_template` (
  `id` int(11) NOT NULL AUTO_INCREMENT,
  `templateId` varchar(128) NOT NULL,
  `title` varchar(128) NOT NULL,
  `createTime` datetime DEFAULT NULL,
  PRIMARY KEY (`id`)
) ENGINE=InnoDB AUTO_INCREMENT=3 DEFAULT CHARSET=utf8;
/*!40101 SET character_set_client = @saved_cs_client */;

--
-- Dumping data for table `t_template`
--

LOCK TABLES `t_template` WRITE;
/*!40000 ALTER TABLE `t_template` DISABLE KEYS */;
INSERT INTO `t_template` VALUES (2,'XJ_jyGGRychodG_f6iosdlgVRpCTucGenabkipXdDpQ','待协助报告通知','2019-04-17 07:06:47');
/*!40000 ALTER TABLE `t_template` ENABLE KEYS */;
UNLOCK TABLES;

--
-- Table structure for table `t_template_keyword`
--

DROP TABLE IF EXISTS `t_template_keyword`;
/*!40101 SET @saved_cs_client     = @@character_set_client */;
 SET character_set_client = utf8mb4 ;
CREATE TABLE `t_template_keyword` (
  `id` int(11) NOT NULL AUTO_INCREMENT,
  `templateId` int(11) NOT NULL,
  `keyword` varchar(64) CHARACTER SET utf8 COLLATE utf8_general_ci NOT NULL,
  `keydata` varchar(64) CHARACTER SET utf8 COLLATE utf8_general_ci NOT NULL,
  `name` varchar(64) NOT NULL,
  `example` varchar(64) DEFAULT NULL,
  PRIMARY KEY (`id`)
) ENGINE=InnoDB AUTO_INCREMENT=9 DEFAULT CHARSET=utf8;
/*!40101 SET character_set_client = @saved_cs_client */;

--
-- Dumping data for table `t_template_keyword`
--

LOCK TABLES `t_template_keyword` WRITE;
/*!40000 ALTER TABLE `t_template_keyword` DISABLE KEYS */;
INSERT INTO `t_template_keyword` VALUES (6,2,'keyword1','keyword1.DATA','患者类型','门诊'),(7,2,'keyword2','keyword2.DATA','检查模式','CT'),(8,2,'keyword3','keyword3.DATA','患者姓名','张三');
/*!40000 ALTER TABLE `t_template_keyword` ENABLE KEYS */;
UNLOCK TABLES;

--
-- Table structure for table `t_template_library`
--

DROP TABLE IF EXISTS `t_template_library`;
/*!40101 SET @saved_cs_client     = @@character_set_client */;
 SET character_set_client = utf8mb4 ;
CREATE TABLE `t_template_library` (
  `id` int(11) NOT NULL AUTO_INCREMENT,
  `templateId` varchar(64) NOT NULL,
  `title` varchar(128) NOT NULL,
  `createTime` datetime DEFAULT NULL,
  PRIMARY KEY (`id`)
) ENGINE=InnoDB AUTO_INCREMENT=2791 DEFAULT CHARSET=utf8;
/*!40101 SET character_set_client = @saved_cs_client */;

--
-- Dumping data for table `t_template_library`
--

LOCK TABLES `t_template_library` WRITE;
/*!40000 ALTER TABLE `t_template_library` DISABLE KEYS */;
INSERT INTO `t_template_library` VALUES (1,'AT0002','购买成功通知','2019-04-17 06:19:35'),(2,'AT0003','购买失败通知','2019-04-17 06:19:35'),(3,'AT0004','交易提醒','2019-04-17 06:19:35'),(4,'AT0005','付款成功通知','2019-04-17 06:19:35'),(5,'AT0006','付款失败通知','2019-04-17 06:19:35'),(6,'AT0007','订单发货提醒','2019-04-17 06:19:35'),(7,'AT0008','待付款提醒','2019-04-17 06:19:35'),(8,'AT0009','订单支付成功通知','2019-04-17 06:19:35'),(9,'AT0010','订单支付失败通知','2019-04-17 06:19:35'),(10,'AT0011','酒店预订成功通知','2019-04-17 06:19:35'),(11,'AT0012','酒店预订失败通知','2019-04-17 06:19:35'),(12,'AT0013','机票预订成功通知','2019-04-17 06:19:35'),(13,'AT0014','机票预订失败通知','2019-04-17 06:19:35'),(14,'AT0015','航班延误提醒','2019-04-17 06:19:35'),(15,'AT0016','充值成功通知','2019-04-17 06:19:35'),(16,'AT0017','充值失败通知','2019-04-17 06:19:35'),(17,'AT0018','火车票预订成功通知','2019-04-17 06:19:35'),(18,'AT0019','火车票预订失败通知','2019-04-17 06:19:35'),(19,'AT0020','取票成功通知','2019-04-17 06:19:35'),(20,'AT0021','续费成功通知','2019-04-17 06:19:35'),(21,'AT0022','挂号成功通知','2019-04-17 06:27:19'),(22,'AT0023','挂号取消通知','2019-04-17 06:27:19'),(23,'AT0024','订单取消通知','2019-04-17 06:27:19'),(24,'AT0025','业务受理通知','2019-04-17 06:27:20'),(25,'AT0026','交易失败提醒','2019-04-17 06:27:20'),(26,'AT0027','报名成功通知','2019-04-17 06:27:20'),(27,'AT0028','报名失败通知','2019-04-17 06:27:20'),(28,'AT0029','报名结果通知','2019-04-17 06:27:20'),(29,'AT0030','取出到账通知','2019-04-17 06:27:20'),(30,'AT0031','买入成功通知','2019-04-17 06:27:20'),(31,'AT0032','买入失败通知','2019-04-17 06:27:20'),(32,'AT0033','取出提交通知','2019-04-17 06:27:20'),(33,'AT0034','取出失败通知','2019-04-17 06:27:20'),(34,'AT0035','收益到账通知','2019-04-17 06:27:20'),(35,'AT0036','退款通知','2019-04-17 06:27:20'),(36,'AT0038','延迟到帐通知','2019-04-17 06:27:20'),(37,'AT0039','充值到帐通知','2019-04-17 06:27:20'),(38,'AT0040','股价提醒','2019-04-17 06:27:20'),(39,'AT0041','购票成功通知','2019-04-17 06:27:20'),(40,'AT0042','互助加入成功通知','2019-04-17 06:27:20'),(41,'AT0045','绑定成功通知','2019-04-17 06:27:20'),(42,'AT0046','购票失败通知','2019-04-17 06:27:20'),(43,'AT0047','物品状态提醒','2019-04-17 06:27:20'),(44,'AT0048','支付成功通知','2019-04-17 06:27:20'),(45,'AT0049','电梯报修通知','2019-04-17 06:27:20'),(46,'AT0050','电梯维保完成通知','2019-04-17 06:27:20'),(47,'AT0051','拼团成功通知','2019-04-17 06:27:20'),(48,'AT0052','审核通知','2019-04-17 06:27:20'),(49,'AT0053','监控数据变化提醒','2019-04-17 06:27:20'),(50,'AT0054','主机报警通知','2019-04-17 06:27:20'),(51,'AT0055','液压报警通知','2019-04-17 06:27:20'),(52,'AT0056','开课提醒','2019-04-17 06:27:20'),(53,'AT0057','缴费提醒','2019-04-17 06:27:20'),(54,'AT0058','制作完成通知','2019-04-17 06:27:20'),(55,'AT0059','课程开班提醒','2019-04-17 06:27:20'),(56,'AT0060','课程预约成功提醒','2019-04-17 06:27:20'),(57,'AT0061','话题回顾提醒','2019-04-17 06:27:20'),(58,'AT0062','项目支付成功通知','2019-04-17 06:27:20'),(59,'AT0063','众筹项目失败通知','2019-04-17 06:27:20'),(60,'AT0064','众筹项目最新状态通知','2019-04-17 06:27:20'),(61,'AT0065','股价设置提醒','2019-04-17 06:27:21'),(62,'AT0066','评估进度提醒','2019-04-17 06:27:21'),(63,'AT0067','评估受理通知','2019-04-17 06:27:21'),(64,'AT0068','笔试通知','2019-04-17 06:27:21'),(65,'AT0069','患者已复诊通知','2019-04-17 06:27:21'),(66,'AT0070','患者病情反馈提醒','2019-04-17 06:27:21'),(67,'AT0071','出价被超过通知','2019-04-17 06:27:21'),(68,'AT0072','咨询结果通知','2019-04-17 06:27:21'),(69,'AT0073','液位报警通知','2019-04-17 06:27:21'),(70,'AT0074','房贷还款提醒','2019-04-17 06:27:21'),(71,'AT0075','行程提醒','2019-04-17 06:27:21'),(72,'AT0076','用电提醒','2019-04-17 06:27:21'),(73,'AT0077','会议通知','2019-04-17 06:27:21'),(74,'AT0078','视频审核不通过通知','2019-04-17 06:27:21'),(75,'AT0079','新订单通知','2019-04-17 06:27:21'),(76,'AT0080','预定成功通知','2019-04-17 06:27:21'),(77,'AT0081','视频审核通过通知','2019-04-17 06:27:21'),(78,'AT0083','快递派件通知','2019-04-17 06:27:21'),(79,'AT0084','快递签收通知','2019-04-17 06:27:21'),(80,'AT0085','快递疑难通知','2019-04-17 06:27:21'),(81,'AT0086','取号成功通知','2019-04-17 06:27:21'),(82,'AT0087','订购成功通知','2019-04-17 06:27:21'),(83,'AT0088','订购失败通知','2019-04-17 06:27:21'),(84,'AT0089','取号失败通知','2019-04-17 06:27:21'),(85,'AT0090','过号通知','2019-04-17 06:27:21'),(86,'AT0091','地震震情提醒','2019-04-17 06:27:21'),(87,'AT0092','试用申请通知','2019-04-17 06:27:21'),(88,'AT0093','预订成功通知','2019-04-17 06:27:21'),(89,'AT0094','投保成功通知','2019-04-17 06:27:22'),(90,'AT0095','改签成功通知','2019-04-17 06:27:22'),(91,'AT0096','试用报告提交提醒','2019-04-17 06:27:22'),(92,'AT0097','款项待收通知','2019-04-17 06:27:22'),(93,'AT0098','域名到期提醒','2019-04-17 06:27:22'),(94,'AT0099','改签失败通知','2019-04-17 06:27:22'),(95,'AT0100','查询结果通知','2019-04-17 06:27:22'),(96,'AT0101','投保失败通知','2019-04-17 06:27:22'),(97,'AT0102','退保成功通知','2019-04-17 06:27:22'),(98,'AT0103','点评完成提醒','2019-04-17 06:27:22'),(99,'AT0104','预约成功通知','2019-04-17 06:27:22'),(100,'AT0105','快递发货通知','2019-04-17 06:27:22'),(101,'AT0106','预订失败通知','2019-04-17 06:27:22'),(102,'AT0107','低电量提醒','2019-04-17 06:27:22'),(103,'AT0108','医生回复通知','2019-04-17 06:27:22'),(104,'AT0109','快递清关通知','2019-04-17 06:27:22'),(105,'AT0110','快递跨境通知','2019-04-17 06:27:22'),(106,'AT0111','设备异常提醒','2019-04-17 06:27:22'),(107,'AT0112','超满箱率提醒','2019-04-17 06:27:22'),(108,'AT0113','考试提醒','2019-04-17 06:27:22'),(109,'AT0114','调仓提醒','2019-04-17 06:27:22'),(110,'AT0115','测量异常提醒','2019-04-17 06:27:22'),(111,'AT0116','考试成绩通知','2019-04-17 06:27:22'),(112,'AT0117','预约取消通知','2019-04-17 06:27:22'),(113,'AT0118','客户报备通知','2019-04-17 06:27:22'),(114,'AT0119','缴费成功通知','2019-04-17 06:27:22'),(115,'AT0120','汇率提醒','2019-04-17 06:27:22'),(116,'AT0121','数据上传成功通知','2019-04-17 06:27:22'),(117,'AT0122','工单处理通知','2019-04-17 06:27:22'),(118,'AT0123','制作失败通知','2019-04-17 06:27:22'),(119,'AT0124','制作超时通知','2019-04-17 06:27:22'),(120,'AT0125','反馈处理结果通知','2019-04-17 06:27:22'),(121,'AT0126','出票成功提醒','2019-04-17 06:27:23'),(122,'AT0127','识别结果通知','2019-04-17 06:27:23'),(123,'AT0128','鉴定结果通知','2019-04-17 06:27:23'),(124,'AT0129','揽收成功通知','2019-04-17 06:27:23'),(125,'AT0130','投票创建成功通知','2019-04-17 06:27:23'),(126,'AT0131','定制完成通知','2019-04-17 06:27:23'),(127,'AT0133','人事任免通知','2019-04-17 06:27:23'),(128,'AT0134','客户签字通知','2019-04-17 06:27:23'),(129,'AT0135','供应商签字通知','2019-04-17 06:27:23'),(130,'AT0136','请假审批提醒','2019-04-17 06:27:23'),(131,'AT0137','公交到站提醒','2019-04-17 06:27:23'),(132,'AT0138','订单退费通知','2019-04-17 06:27:23'),(133,'AT0139','视频上传成功通知','2019-04-17 06:27:23'),(134,'AT0140','布防成功通知','2019-04-17 06:27:23'),(135,'AT0141','缴费失败通知','2019-04-17 06:27:23'),(136,'AT0142','物流托运下单成功提醒','2019-04-17 06:27:23'),(137,'AT0143','测量结果通知','2019-04-17 06:27:23'),(138,'AT0144','藏品还价通知','2019-04-17 06:27:23'),(139,'AT0145','还款提醒','2019-04-17 06:27:23'),(140,'AT0146','审核结果通知','2019-04-17 06:27:23'),(141,'AT0147','开户进度通知','2019-04-17 06:27:23'),(142,'AT0148','新股中签提醒','2019-04-17 06:27:23'),(143,'AT0149','撤防通知','2019-04-17 06:27:23'),(144,'AT0150','竞猜结果通知','2019-04-17 06:27:23'),(145,'AT0151','设备状态提醒','2019-04-17 06:27:23'),(146,'AT0152','收款通知','2019-04-17 06:27:23'),(147,'AT0153','拼车请求通知','2019-04-17 06:27:23'),(148,'AT0154','路况通知','2019-04-17 06:27:23'),(149,'AT0155','面试邀约提醒','2019-04-17 06:27:23'),(150,'AT0156','简历被浏览通知','2019-04-17 06:27:23'),(151,'AT0157','账户余额提醒','2019-04-17 06:27:23'),(152,'AT0158','违法举报通知','2019-04-17 06:27:23'),(153,'AT0160','排队到号通知','2019-04-17 06:27:23'),(154,'AT0161','排队即将排到通知','2019-04-17 06:27:23'),(155,'AT0162','金价提醒','2019-04-17 06:27:23'),(156,'AT0163','订单确认通知','2019-04-17 06:27:23'),(157,'AT0164','新增违章提醒','2019-04-17 06:27:23'),(158,'AT0165','集合通知','2019-04-17 06:27:23'),(159,'AT0167','消费成功通知','2019-04-17 06:27:23'),(160,'AT0168','审核通过提醒','2019-04-17 06:27:23'),(161,'AT0169','团队上传文件通知','2019-04-17 06:27:24'),(162,'AT0170','反馈成功通知','2019-04-17 06:27:24'),(163,'AT0171','监控告警通知','2019-04-17 06:27:24'),(164,'AT0172','贷款申请提醒','2019-04-17 06:27:24'),(165,'AT0173','借款通知','2019-04-17 06:27:24'),(166,'AT0174','球赛取消通知','2019-04-17 06:27:24'),(167,'AT0175','成功加入路演通知','2019-04-17 06:27:24'),(168,'AT0176','订单状态变动通知','2019-04-17 06:27:24'),(169,'AT0177','订单配送通知','2019-04-17 06:27:24'),(170,'AT0178','操作安全码通知','2019-04-17 06:27:24'),(171,'AT0179','考勤通知','2019-04-17 06:27:24'),(172,'AT0180','期货下单提醒','2019-04-17 06:27:24'),(173,'AT0181','拼图完成通知','2019-04-17 06:27:24'),(174,'AT0182','签到成功提醒','2019-04-17 06:27:24'),(175,'AT0183','报名取消通知','2019-04-17 06:27:24'),(176,'AT0184','催款通知','2019-04-17 06:27:24'),(177,'AT0185','运单状态通知','2019-04-17 06:27:24'),(178,'AT0186','运费变动提醒','2019-04-17 06:27:24'),(179,'AT0187','答案被采纳通知','2019-04-17 06:27:24'),(180,'AT0188','答案被拒绝通知','2019-04-17 06:27:24'),(181,'AT0189','申诉处理提醒','2019-04-17 06:27:24'),(182,'AT0190','求助受理通知','2019-04-17 06:27:24'),(183,'AT0191','申诉成功通知','2019-04-17 06:27:24'),(184,'AT0192','申诉失败通知','2019-04-17 06:27:24'),(185,'AT0193','办理成功通知','2019-04-17 06:27:24'),(186,'AT0194','登录成功通知','2019-04-17 06:27:24'),(187,'AT0195','拼车确认通知','2019-04-17 06:27:24'),(188,'AT0196','投票结果通知','2019-04-17 06:27:24'),(189,'AT0197','申请成功提醒','2019-04-17 06:27:25'),(190,'AT0198','展览开始通知','2019-04-17 06:27:25'),(191,'AT0199','自动采纳提醒','2019-04-17 06:27:25'),(192,'AT0200','办理失败通知','2019-04-17 06:27:25'),(193,'AT0201','充电结束提醒','2019-04-17 06:27:25'),(194,'AT0202','订单状态通知','2019-04-17 06:27:25'),(195,'AT0203','取餐提醒','2019-04-17 06:27:25'),(196,'AT0205','卖出确认通知','2019-04-17 06:27:25'),(197,'AT0206','卖出资金到账通知','2019-04-17 06:27:25'),(198,'AT0207','巡检结果通知','2019-04-17 06:27:25'),(199,'AT0208','注册成功提醒','2019-04-17 06:27:25'),(200,'AT0209','紧急救援提醒','2019-04-17 06:27:25'),(201,'AT0210','订单提交成功通知','2019-04-17 06:27:25'),(202,'AT0211','预约拍卖提醒','2019-04-17 06:27:25'),(203,'AT0212','银价提醒','2019-04-17 06:27:25'),(204,'AT0213','关锁成功通知','2019-04-17 06:27:25'),(205,'AT0214','名片新增收藏通知','2019-04-17 06:27:25'),(206,'AT0215','值班安排提醒','2019-04-17 06:27:25'),(207,'AT0217','信息录入成功通知','2019-04-17 06:27:25'),(208,'AT0219','派单处理提醒','2019-04-17 06:27:25'),(209,'AT0220','还书提醒','2019-04-17 06:27:25'),(210,'AT0221','资料补充完成通知','2019-04-17 06:27:25'),(211,'AT0222','估价结果通知','2019-04-17 06:27:25'),(212,'AT0223','组团成功提醒','2019-04-17 06:27:25'),(213,'AT0224','预定撤销通知','2019-04-17 06:27:25'),(214,'AT0226','新简历通知','2019-04-17 06:27:25'),(215,'AT0227','拍品中标通知','2019-04-17 06:27:25'),(216,'AT0228','事故上报通知','2019-04-17 06:27:25'),(217,'AT0229','下单成功通知','2019-04-17 06:27:25'),(218,'AT0230','约课成功通知','2019-04-17 06:27:25'),(219,'AT0231','回收凭证提醒','2019-04-17 06:27:25'),(220,'AT0232','项目待确认提醒','2019-04-17 06:27:25'),(221,'AT0233','项目已确认通知','2019-04-17 06:27:26'),(222,'AT0234','发票开具成功提醒','2019-04-17 06:27:26'),(223,'AT0235','项目完成通知','2019-04-17 06:27:26'),(224,'AT0236','视频下载完成通知','2019-04-17 06:27:26'),(225,'AT0238','充电完成通知','2019-04-17 06:27:26'),(226,'AT0239','充电异常通知','2019-04-17 06:27:26'),(227,'AT0241','确认收货通知','2019-04-17 06:27:26'),(228,'AT0242','圈子加入成功通知','2019-04-17 06:27:26'),(229,'AT0243','资源发布成功通知','2019-04-17 06:27:26'),(230,'AT0244','估值结果通知','2019-04-17 06:27:26'),(231,'AT0245','停车成功通知','2019-04-17 06:27:26'),(232,'AT0246','案件处理结果通知','2019-04-17 06:27:26'),(233,'AT0247','打赏成功通知','2019-04-17 06:27:26'),(234,'AT0248','洗衣完成通知','2019-04-17 06:27:26'),(235,'AT0250','网点取号成功通知','2019-04-17 06:27:26'),(236,'AT0251','作业批改完成通知','2019-04-17 06:27:26'),(237,'AT0252','目标完成情况提醒','2019-04-17 06:27:26'),(238,'AT0254','名片保存成功通知','2019-04-17 06:27:26'),(239,'AT0255','作业待批改提醒','2019-04-17 06:27:26'),(240,'AT0256','点餐成功通知','2019-04-17 06:27:26'),(241,'AT0257','订单完成通知','2019-04-17 06:27:26'),(242,'AT0258','借阅请求处理提醒','2019-04-17 06:27:26'),(243,'AT0259','作业通知','2019-04-17 06:27:26'),(244,'AT0261','洗车成功通知','2019-04-17 06:27:26'),(245,'AT0262','学习计划提醒','2019-04-17 06:27:26'),(246,'AT0263','访问申请通知','2019-04-17 06:27:26'),(247,'AT0264','签到提醒','2019-04-17 06:27:26'),(248,'AT0265','申请加入通知','2019-04-17 06:27:26'),(249,'AT0266','催单通知','2019-04-17 06:27:26'),(250,'AT0267','验证码通知','2019-04-17 06:27:26'),(251,'AT0268','启用会议室通知','2019-04-17 06:27:26'),(252,'AT0269','访客审核通知','2019-04-17 06:27:26'),(253,'AT0270','试卷提交成功提醒','2019-04-17 06:27:26'),(254,'AT0271','用户认证提醒','2019-04-17 06:27:26'),(255,'AT0272','人工委托提醒','2019-04-17 06:27:26'),(256,'AT0273','拼车失败通知','2019-04-17 06:27:26'),(257,'AT0274','拼车成功通知','2019-04-17 06:27:26'),(258,'AT0275','匹配成功通知','2019-04-17 06:27:27'),(259,'AT0276','信息提交成功通知','2019-04-17 06:27:27'),(260,'AT0277','认证成功通知','2019-04-17 06:27:27'),(261,'AT0278','捐助成功通知','2019-04-17 06:27:27'),(262,'AT0280','任务完成通知','2019-04-17 06:27:27'),(263,'AT0281','电子简历生成通知','2019-04-17 06:27:27'),(264,'AT0282','简历投递通知','2019-04-17 06:27:27'),(265,'AT0283','退菜处理结果通知','2019-04-17 06:27:27'),(266,'AT0284','监考通知','2019-04-17 06:27:27'),(267,'AT0285','保质期到期提醒','2019-04-17 06:27:27'),(268,'AT0286','项目实施通知','2019-04-17 06:27:27'),(269,'AT0288','物料卸载通知','2019-04-17 06:27:27'),(270,'AT0289','审验完成通知','2019-04-17 06:27:27'),(271,'AT0290','转账成功通知','2019-04-17 06:27:27'),(272,'AT0291','投保完成通知','2019-04-17 06:27:27'),(273,'AT0292','维修进度通知','2019-04-17 06:27:27'),(274,'AT0293','续座成功通知','2019-04-17 06:27:27'),(275,'AT0294','工程师出发通知','2019-04-17 06:27:27'),(276,'AT0295','客户反馈通知','2019-04-17 06:27:27'),(277,'AT0296','维修完成通知','2019-04-17 06:27:27'),(278,'AT0297','维修任务通知','2019-04-17 06:27:27'),(279,'AT0299','票根添加失败通知','2019-04-17 06:27:27'),(280,'AT0300','票根添加成功通知','2019-04-17 06:27:27'),(281,'AT0301','维修处理通知','2019-04-17 06:27:27'),(282,'AT0302','报修处理通知','2019-04-17 06:27:27'),(283,'AT0303','挪车通知已接收提醒','2019-04-17 06:27:28'),(284,'AT0304','租借成功通知','2019-04-17 06:27:28'),(285,'AT0305','租借归还通知','2019-04-17 06:27:28'),(286,'AT0306','预约失败通知','2019-04-17 06:27:28'),(287,'AT0307','车辆报警通知','2019-04-17 06:27:28'),(288,'AT0308','约车提醒','2019-04-17 06:27:28'),(289,'AT0310','拼团失败通知','2019-04-17 06:27:28'),(290,'AT0311','取药成功提醒','2019-04-17 06:27:28'),(291,'AT0312','配药成功提醒','2019-04-17 06:27:28'),(292,'AT0313','退货申请通知','2019-04-17 06:27:28'),(293,'AT0314','学员申请通知','2019-04-17 06:27:28'),(294,'AT0315','教练申请通知','2019-04-17 06:27:28'),(295,'AT0318','组队成功通知','2019-04-17 06:27:28'),(296,'AT0320','航班消息通知','2019-04-17 06:27:28'),(297,'AT0323','团购失败通知','2019-04-17 06:27:28'),(298,'AT0324','提现申请通知','2019-04-17 06:27:28'),(299,'AT0325','兑换成功通知','2019-04-17 06:27:28'),(300,'AT0326','比赛结果通知','2019-04-17 06:27:28'),(301,'AT0327','股票异动提醒','2019-04-17 06:27:28'),(302,'AT0328','接单成功提醒','2019-04-17 06:27:28'),(303,'AT0329','退款失败通知','2019-04-17 06:27:28'),(304,'AT0330','申请结果通知','2019-04-17 06:27:28'),(305,'AT0331','车位锁落下通知','2019-04-17 06:27:28'),(306,'AT0332','产后档案提交提醒','2019-04-17 06:27:28'),(307,'AT0333','试听申请提醒','2019-04-17 06:27:28'),(308,'AT0334','车辆入场通知','2019-04-17 06:27:28'),(309,'AT0335','密码获取成功通知','2019-04-17 06:27:28'),(310,'AT0336','赛程提醒','2019-04-17 06:27:28'),(311,'AT0337','报料进度更新通知','2019-04-17 06:27:28'),(312,'AT0338','账户资金变动提醒','2019-04-17 06:27:28'),(313,'AT0339','体验到期提醒','2019-04-17 06:27:28'),(314,'AT0340','检查报告提交提醒','2019-04-17 06:27:28'),(315,'AT0341','随堂测试提交提醒','2019-04-17 06:27:28'),(316,'AT0342','兑换失败通知','2019-04-17 06:27:28'),(317,'AT0343','报名发起成功通知','2019-04-17 06:27:28'),(318,'AT0344','图书可借提醒','2019-04-17 06:27:28'),(319,'AT0345','检测报告提醒','2019-04-17 06:27:28'),(320,'AT0347','开锁通知','2019-04-17 06:27:28'),(321,'AT0348','货运请求通知','2019-04-17 06:27:29'),(322,'AT0349','照片新增提醒','2019-04-17 06:27:29'),(323,'AT0350','拒绝比赛通知','2019-04-17 06:27:29'),(324,'AT0351','待处理比赛通知','2019-04-17 06:27:29'),(325,'AT0352','投诉受理通知','2019-04-17 06:27:29'),(326,'AT0354','检查报告提醒','2019-04-17 06:27:29'),(327,'AT0355','激活成功通知','2019-04-17 06:27:29'),(328,'AT0356','订阅成功通知','2019-04-17 06:27:29'),(329,'AT0357','团购成功通知','2019-04-17 06:27:29'),(330,'AT0358','费用申请通知','2019-04-17 06:27:29'),(331,'AT0359','付款计划提交成功通知','2019-04-17 06:27:29'),(332,'AT0360','月经提醒','2019-04-17 06:27:29'),(333,'AT0361','列车检票提醒','2019-04-17 06:27:29'),(334,'AT0363','验票成功通知','2019-04-17 06:27:29'),(335,'AT0364','线路调整通知','2019-04-17 06:27:29'),(336,'AT0365','业务办理进度提醒','2019-04-17 06:27:29'),(337,'AT0366','诉求受理通知','2019-04-17 06:27:29'),(338,'AT0367','反馈结果通知','2019-04-17 06:27:29'),(339,'AT0368','授权访问通知','2019-04-17 06:27:29'),(340,'AT0369','新团队入驻提醒','2019-04-17 06:27:29'),(341,'AT0370','报销申请通知','2019-04-17 06:27:29'),(342,'AT0371','电影开场提醒','2019-04-17 06:27:29'),(343,'AT0372','排队取消通知','2019-04-17 06:27:29'),(344,'AT0373','邮件已寄出通知','2019-04-17 06:27:29'),(345,'AT0374','询价回复通知','2019-04-17 06:27:29'),(346,'AT0375','订单拒绝通知','2019-04-17 06:27:29'),(347,'AT0376','付款完成提醒','2019-04-17 06:27:29'),(348,'AT0377','疫苗接种提醒','2019-04-17 06:27:29'),(349,'AT0378','签约成功通知','2019-04-17 06:27:29'),(350,'AT0379','单据审批通知','2019-04-17 06:27:29'),(351,'AT0380','预约单配餐通知','2019-04-17 06:27:29'),(352,'AT0381','出票失败通知','2019-04-17 06:27:29'),(353,'AT0382','订单结束通知','2019-04-17 06:27:29'),(354,'AT0383','订单开始通知','2019-04-17 06:27:29'),(355,'AT0384','洗车失败通知','2019-04-17 06:27:30'),(356,'AT0385','绩效考核通知','2019-04-17 06:27:30'),(357,'AT0386','授信结果通知','2019-04-17 06:27:30'),(358,'AT0387','申请审批通知','2019-04-17 06:27:30'),(359,'AT0388','续租通知','2019-04-17 06:27:30'),(360,'AT0389','快递预约通知','2019-04-17 06:27:30'),(361,'AT0390','酒店入住通知','2019-04-17 06:27:30'),(362,'AT0391','用餐评价提醒','2019-04-17 06:27:30'),(363,'AT0392','交费成功通知','2019-04-17 06:27:30'),(364,'AT0393','用车申请提醒','2019-04-17 06:27:30'),(365,'AT0394','提取资金通知','2019-04-17 06:27:30'),(366,'AT0395','作业完成通知','2019-04-17 06:27:30'),(367,'AT0396','作业未完成提醒','2019-04-17 06:27:30'),(368,'AT0397','船舶到港通知','2019-04-17 06:27:30'),(369,'AT0398','成绩查询通知','2019-04-17 06:27:30'),(370,'AT0399','订房取消通知','2019-04-17 06:27:30'),(371,'AT0400','法律援助申请通知','2019-04-17 06:27:30'),(372,'AT0401','法律咨询通知','2019-04-17 06:27:30'),(373,'AT0402','交易延时通知','2019-04-17 06:27:30'),(374,'AT0403','设备申请通知','2019-04-17 06:27:30'),(375,'AT0404','通讯录添加成功通知','2019-04-17 06:27:30'),(376,'AT0405','密码修改通知','2019-04-17 06:27:30'),(377,'AT0406','报单成功提醒','2019-04-17 06:27:30'),(378,'AT0407','打卡提醒','2019-04-17 06:27:30'),(379,'AT0408','照片接收通知','2019-04-17 06:27:30'),(380,'AT0409','加分成功通知','2019-04-17 06:27:30'),(381,'AT0410','面签通过通知','2019-04-17 06:27:31'),(382,'AT0411','图书到期提醒','2019-04-17 06:27:31'),(383,'AT0412','订单回复通知','2019-04-17 06:27:31'),(384,'AT0413','订单受理通知','2019-04-17 06:27:31'),(385,'AT0414','运动记录同步成功提醒','2019-04-17 06:27:31'),(386,'AT0415','货物异常提醒','2019-04-17 06:27:31'),(387,'AT0416','预约量房通知','2019-04-17 06:27:31'),(388,'AT0418','事务进展变更通知','2019-04-17 06:27:31'),(389,'AT0419','新队友加入通知','2019-04-17 06:27:31'),(390,'AT0420','咨询师回答通知','2019-04-17 06:27:31'),(391,'AT0421','案件审批通知','2019-04-17 06:27:31'),(392,'AT0422','法律援助申请受理通知','2019-04-17 06:27:31'),(393,'AT0423','核销成功通知','2019-04-17 06:27:31'),(394,'AT0424','放款成功通知','2019-04-17 06:27:31'),(395,'AT0426','留言入选通知','2019-04-17 06:27:31'),(396,'AT0427','宝宝异常提醒','2019-04-17 06:27:31'),(397,'AT0428','待检查提醒','2019-04-17 06:27:31'),(398,'AT0429','问题报告提醒','2019-04-17 06:27:31'),(399,'AT0430','订单异常通知','2019-04-17 06:27:31'),(400,'AT0431','拼车申请提醒','2019-04-17 06:27:31'),(401,'AT0432','求货完成通知','2019-04-17 06:27:31'),(402,'AT0433','比赛通知','2019-04-17 06:27:31'),(403,'AT0434','借阅成功通知','2019-04-17 06:27:31'),(404,'AT0435','社群加入成功通知','2019-04-17 06:27:31'),(405,'AT0436','社群加入失败提醒','2019-04-17 06:27:31'),(406,'AT0437','社群创建成功通知','2019-04-17 06:27:31'),(407,'AT0438','出价成功通知','2019-04-17 06:27:31'),(408,'AT0439','排队成功通知','2019-04-17 06:27:31'),(409,'AT0440','借阅结束通知','2019-04-17 06:27:31'),(410,'AT0441','竞拍成功通知','2019-04-17 06:27:31'),(411,'AT0442','审核未通过提醒','2019-04-17 06:27:31'),(412,'AT0443','扣费成功通知','2019-04-17 06:27:31'),(413,'AT0444','入驻申请通知','2019-04-17 06:27:31'),(414,'AT0445','代理申请通知','2019-04-17 06:27:31'),(415,'AT0446','约车成功通知','2019-04-17 06:27:31'),(416,'AT0447','信息确认成功通知','2019-04-17 06:27:31'),(417,'AT0448','资料提交成功通知','2019-04-17 06:27:31'),(418,'AT0449','补全资料通知','2019-04-17 06:27:31'),(419,'AT0450','目的地到达通知','2019-04-17 06:27:31'),(420,'AT0451','上车通知','2019-04-17 06:27:31'),(421,'AT0452','超时未回答通知','2019-04-17 06:27:32'),(422,'AT0453','参团人数不足提醒','2019-04-17 06:27:32'),(423,'AT0454','未支付通知','2019-04-17 06:27:32'),(424,'AT0456','买家免保证金申请通知','2019-04-17 06:27:32'),(425,'AT0457','开通成功通知','2019-04-17 06:27:32'),(426,'AT0458','快递自提通知','2019-04-17 06:27:32'),(427,'AT0459','社群创建申请通知','2019-04-17 06:27:32'),(428,'AT0460','社群创建失败通知','2019-04-17 06:27:32'),(429,'AT0461','出价有效通知','2019-04-17 06:27:32'),(430,'AT0464','合同审核提醒','2019-04-17 06:27:32'),(431,'AT0465','订单审核提醒','2019-04-17 06:27:32'),(432,'AT0466','出行提醒','2019-04-17 06:27:32'),(433,'AT0467','检测结果通知','2019-04-17 06:27:32'),(434,'AT0468','账单通知','2019-04-17 06:27:32'),(435,'AT0469','藏品预警提醒','2019-04-17 06:27:32'),(436,'AT0470','识别完成通知','2019-04-17 06:27:32'),(437,'AT0471','收集完成通知','2019-04-17 06:27:32'),(438,'AT0472','分析成功通知','2019-04-17 06:27:32'),(439,'AT0473','订餐成功通知','2019-04-17 06:27:32'),(440,'AT0475','工单回复通知','2019-04-17 06:27:32'),(441,'AT0476','延误红包领取通知','2019-04-17 06:27:32'),(442,'AT0477','小组加入成功通知','2019-04-17 06:27:32'),(443,'AT0478','发车提醒','2019-04-17 06:27:32'),(444,'AT0479','保单生效通知','2019-04-17 06:27:32'),(445,'AT0480','网络信息到达提醒','2019-04-17 06:27:32'),(446,'AT0481','来访申请提醒','2019-04-17 06:27:32'),(447,'AT0482','吃药提醒','2019-04-17 06:27:32'),(448,'AT0483','接单确认通知','2019-04-17 06:27:32'),(449,'AT0484','身份认证申请提醒','2019-04-17 06:27:32'),(450,'AT0485','新成员加入通知','2019-04-17 06:27:32'),(451,'AT0486','报价单提醒','2019-04-17 06:27:32'),(452,'AT0487','保养记录生成通知','2019-04-17 06:27:32'),(453,'AT0489','司机接单通知','2019-04-17 06:27:32'),(454,'AT0490','资料不符补交提醒','2019-04-17 06:27:32'),(455,'AT0493','开票成功通知','2019-04-17 06:27:32'),(456,'AT0494','净值更新提醒','2019-04-17 06:27:32'),(457,'AT0495','请假成功通知','2019-04-17 06:27:32'),(458,'AT0496','店铺认领通知','2019-04-17 06:27:32'),(459,'AT0497','换房密码通知','2019-04-17 06:27:32'),(460,'AT0498','退房成功提醒','2019-04-17 06:27:32'),(461,'AT0499','入住密码通知','2019-04-17 06:27:33'),(462,'AT0500','交班信息提醒','2019-04-17 06:27:33'),(463,'AT0501','故障告警通知','2019-04-17 06:27:33'),(464,'AT0502','工资到账提醒','2019-04-17 06:27:33'),(465,'AT0503','订单评价提醒','2019-04-17 06:27:33'),(466,'AT0504','车险报价提醒','2019-04-17 06:27:33'),(467,'AT0505','签约失败通知','2019-04-17 06:27:33'),(468,'AT0506','合同归档结果通知','2019-04-17 06:27:33'),(469,'AT0507','司机到达通知','2019-04-17 06:27:33'),(470,'AT0508','图书可取提醒','2019-04-17 06:27:33'),(471,'AT0509','定时查找结果通知','2019-04-17 06:27:33'),(472,'AT0510','派工通知','2019-04-17 06:27:33'),(473,'AT0511','无违章提醒','2019-04-17 06:27:33'),(474,'AT0512','服务结束确认提醒','2019-04-17 06:27:33'),(475,'AT0513','访客申请拒绝提醒','2019-04-17 06:27:33'),(476,'AT0514','访客申请通过提醒','2019-04-17 06:27:33'),(477,'AT0515','托管情况通知','2019-04-17 06:27:33'),(478,'AT0516','设备离线告警通知','2019-04-17 06:27:33'),(479,'AT0517','设备复位告警通知','2019-04-17 06:27:33'),(480,'AT0518','违章提醒','2019-04-17 06:27:33'),(481,'AT0519','收到新的报价通知','2019-04-17 06:27:33'),(482,'AT0520','咨询受理通知','2019-04-17 06:27:33'),(483,'AT0521','采购成功通知','2019-04-17 06:27:33'),(484,'AT0522','车辆调度指派通知','2019-04-17 06:27:33'),(485,'AT0523','视频被购买通知','2019-04-17 06:27:33'),(486,'AT0525','待支付提醒','2019-04-17 06:27:33'),(487,'AT0526','保障卡激活通知','2019-04-17 06:27:33'),(488,'AT0528','行程取消通知','2019-04-17 06:27:33'),(489,'AT0530','订单到货领取通知','2019-04-17 06:27:33'),(490,'AT0531','内容修改通知','2019-04-17 06:27:33'),(491,'AT0532','乘客乘车通知','2019-04-17 06:27:33'),(492,'AT0533','礼品领取成功通知','2019-04-17 06:27:33'),(493,'AT0534','待审批通知','2019-04-17 06:27:33'),(494,'AT0535','公租房摇号结果通知','2019-04-17 06:27:33'),(495,'AT0536','训练提醒','2019-04-17 06:27:33'),(496,'AT0537','托管服务状态提醒','2019-04-17 06:27:33'),(497,'AT0538','宿舍电量提醒','2019-04-17 06:27:33'),(498,'AT0541','开团成功提醒','2019-04-17 06:27:33'),(499,'AT0542','入团成功提醒','2019-04-17 06:27:33'),(500,'AT0543','司机上线通知','2019-04-17 06:27:33'),(501,'AT0545','用户提问进展通知','2019-04-17 06:27:34'),(502,'AT0546','当前成绩通知','2019-04-17 06:27:34'),(503,'AT0547','律师回复通知','2019-04-17 06:27:34'),(504,'AT0548','漏接来电通知','2019-04-17 06:27:34'),(505,'AT0549','挂号预约通知','2019-04-17 06:27:34'),(506,'AT0550','答复结果通知','2019-04-17 06:27:34'),(507,'AT0551','领取成功通知','2019-04-17 06:27:34'),(508,'AT0552','4G开启提醒','2019-04-17 06:27:34'),(509,'AT0553','售后通知','2019-04-17 06:27:34'),(510,'AT0554','邮件发送通知','2019-04-17 06:27:34'),(511,'AT0556','权限变动通知','2019-04-17 06:27:34'),(512,'AT0558','最新壁纸专辑提醒','2019-04-17 06:27:34'),(513,'AT0559','排号进度通知','2019-04-17 06:27:34'),(514,'AT0560','船东登记通知','2019-04-17 06:27:34'),(515,'AT0561','骑行统计通知','2019-04-17 06:27:34'),(516,'AT0562','船员注册提醒','2019-04-17 06:27:34'),(517,'AT0563','邀请结果提醒','2019-04-17 06:27:34'),(518,'AT0564','降水预警提醒','2019-04-17 06:27:34'),(519,'AT0565','商品信息上传成功通知','2019-04-17 06:27:34'),(520,'AT0566','取送件提醒','2019-04-17 06:27:34'),(521,'AT0567','项目执行进展提醒','2019-04-17 06:27:34'),(522,'AT0568','行程解散通知','2019-04-17 06:27:34'),(523,'AT0569','商标查询通知','2019-04-17 06:27:34'),(524,'AT0570','房源信息通知','2019-04-17 06:27:34'),(525,'AT0572','成团提醒','2019-04-17 06:27:34'),(526,'AT0573','订单派送提醒','2019-04-17 06:27:34'),(527,'AT0574','逾期扣款提醒','2019-04-17 06:27:34'),(528,'AT0575','分析失败通知','2019-04-17 06:27:34'),(529,'AT0576','新客户访问提醒','2019-04-17 06:27:34'),(530,'AT0577','扫描成功通知','2019-04-17 06:27:34'),(531,'AT0578','演出开演提醒','2019-04-17 06:27:34'),(532,'AT0579','车辆离场通知','2019-04-17 06:27:34'),(533,'AT0580','租赁合同通知','2019-04-17 06:27:34'),(534,'AT0582','订单使用超时通知','2019-04-17 06:27:34'),(535,'AT0583','订单超时提醒','2019-04-17 06:27:35'),(536,'AT0584','电子合同签约通知','2019-04-17 06:27:35'),(537,'AT0585','订单使用通知','2019-04-17 06:27:35'),(538,'AT0586','顾问回复通知','2019-04-17 06:27:35'),(539,'AT0588','合同到期通知','2019-04-17 06:27:35'),(540,'AT0589','专家回复通知','2019-04-17 06:27:35'),(541,'AT0590','询价单提交成功通知','2019-04-17 06:27:35'),(542,'AT0592','借用成功通知','2019-04-17 06:27:35'),(543,'AT0593','耗材入库通知','2019-04-17 06:27:35'),(544,'AT0595','工作计划提醒','2019-04-17 06:27:35'),(545,'AT0596','挑战结果通知','2019-04-17 06:27:35'),(546,'AT0597','订单修改通知','2019-04-17 06:27:35'),(547,'AT0598','退货确认提醒','2019-04-17 06:27:35'),(548,'AT0599','聚餐时间提醒','2019-04-17 06:27:35'),(549,'AT0600','会议预约通知','2019-04-17 06:27:35'),(550,'AT0601','收到访客二维码通知','2019-04-17 06:27:35'),(551,'AT0602','礼品卡被领通知','2019-04-17 06:27:35'),(552,'AT0603','饮茶提醒','2019-04-17 06:27:35'),(553,'AT0604','服务评价提醒','2019-04-17 06:27:35'),(554,'AT0605','订单待取卡提醒','2019-04-17 06:27:35'),(555,'AT0606','订单待支付提醒','2019-04-17 06:27:35'),(556,'AT0607','公众号认领成功通知','2019-04-17 06:27:35'),(557,'AT0608','列车晚点通知','2019-04-17 06:27:35'),(558,'AT0609','列车检票提醒','2019-04-17 06:27:35'),(559,'AT0610','列车出行提醒','2019-04-17 06:27:35'),(560,'AT0611','还伞提醒','2019-04-17 06:27:35'),(561,'AT0612','订单可选房通知','2019-04-17 06:27:35'),(562,'AT0613','房卡续卡提醒','2019-04-17 06:27:35'),(563,'AT0614','换房成功通知','2019-04-17 06:27:35'),(564,'AT0615','生产任务开工提醒','2019-04-17 06:27:35'),(565,'AT0616','捐书成功提醒','2019-04-17 06:27:35'),(566,'AT0617','装修公司工期提醒','2019-04-17 06:27:36'),(567,'AT0618','扫码点餐通知','2019-04-17 06:27:36'),(568,'AT0619','访客登记通知','2019-04-17 06:27:36'),(569,'AT0620','入住成功提醒','2019-04-17 06:27:36'),(570,'AT0621','退押金发起通知','2019-04-17 06:27:36'),(571,'AT0622','消费帐单确认通知','2019-04-17 06:27:36'),(572,'AT0623','补交消费通知','2019-04-17 06:27:36'),(573,'AT0624','订单补差价通知','2019-04-17 06:27:36'),(574,'AT0625','离店提醒','2019-04-17 06:27:36'),(575,'AT0626','报关单状态提醒','2019-04-17 06:27:36'),(576,'AT0627','实名登记提醒','2019-04-17 06:27:36'),(577,'AT0628','抽奖结果通知','2019-04-17 06:27:36'),(578,'AT0629','开票信息修改通知','2019-04-17 06:27:36'),(579,'AT0630','产前档案提交提醒','2019-04-17 06:27:36'),(580,'AT0631','投诉处理提醒','2019-04-17 06:27:36'),(581,'AT0633','投诉结果通知','2019-04-17 06:27:36'),(582,'AT0636','扫码成功通知','2019-04-17 06:27:36'),(583,'AT0637','退款申请通知','2019-04-17 06:27:36'),(584,'AT0639','登陆成功通知','2019-04-17 06:27:36'),(585,'AT0640','订单自提通知','2019-04-17 06:27:36'),(586,'AT0641','采购通知','2019-04-17 06:27:36'),(587,'AT0642','消费撤消通知','2019-04-17 06:27:36'),(588,'AT0643','图片上传成功通知','2019-04-17 06:27:36'),(589,'AT0644','图片下载完成通知','2019-04-17 06:27:36'),(590,'AT0645','新工单提醒','2019-04-17 06:27:36'),(591,'AT0646','学生请教通知','2019-04-17 06:27:36'),(592,'AT0647','考试预测通知','2019-04-17 06:27:36'),(593,'AT0648','统计结果通知','2019-04-17 06:27:36'),(594,'AT0649','订单修改成功通知','2019-04-17 06:27:36'),(595,'AT0650','书籍借阅状态通知','2019-04-17 06:27:36'),(596,'AT0651','寻求帮助提醒','2019-04-17 06:27:36'),(597,'AT0653','数据上报提醒','2019-04-17 06:27:36'),(598,'AT0654','申请进度通知','2019-04-17 06:27:36'),(599,'AT0655','车辆预约通知','2019-04-17 06:27:36'),(600,'AT0656','用户约见提醒','2019-04-17 06:27:36'),(601,'AT0657','案件委托提醒','2019-04-17 06:27:36'),(602,'AT0658','书籍借阅提醒','2019-04-17 06:27:36'),(603,'AT0659','举报处理提醒','2019-04-17 06:27:36'),(604,'AT0660','车辆审批通知','2019-04-17 06:27:36'),(605,'AT0661','工单催办提醒','2019-04-17 06:27:36'),(606,'AT0662','换车成功提醒','2019-04-17 06:27:36'),(607,'AT0663','租车成功通知','2019-04-17 06:27:37'),(608,'AT0664','还车成功通知','2019-04-17 06:27:37'),(609,'AT0665','提交申请成功通知','2019-04-17 06:27:37'),(610,'AT0666','销售线索提醒','2019-04-17 06:27:37'),(611,'AT0667','商户访问通知','2019-04-17 06:27:37'),(612,'AT0668','宝宝成长提醒','2019-04-17 06:27:37'),(613,'AT0669','比赛场地变更通知','2019-04-17 06:27:37'),(614,'AT0670','医嘱提醒','2019-04-17 06:27:37'),(615,'AT0671','实名认证通知','2019-04-17 06:27:37'),(616,'AT0672','球赛确定通知','2019-04-17 06:27:37'),(617,'AT0674','审核状态通知','2019-04-17 06:27:37'),(618,'AT0675','挪车通知','2019-04-17 06:27:37'),(619,'AT0676','紧急救援确认通知','2019-04-17 06:27:37'),(620,'AT0677','账户变动提醒','2019-04-17 06:27:37'),(621,'AT0678','客户咨询成功提醒','2019-04-17 06:27:37'),(622,'AT0679','预警添加通知','2019-04-17 06:27:37'),(623,'AT0680','二手车置换确认提醒','2019-04-17 06:27:37'),(624,'AT0681','报案成功通知','2019-04-17 06:27:37'),(625,'AT0682','定向越野成绩通知','2019-04-17 06:27:37'),(626,'AT0684','退税金解冻通知','2019-04-17 06:27:37'),(627,'AT0685','支付额度提醒','2019-04-17 06:27:37'),(628,'AT0686','订单支付提醒','2019-04-17 06:27:37'),(629,'AT0687','归还完成通知','2019-04-17 06:27:37'),(630,'AT0688','抢购成功通知','2019-04-17 06:27:37'),(631,'AT0689','油价预计调整提醒','2019-04-17 06:27:37'),(632,'AT0690','问卷结果通知','2019-04-17 06:27:37'),(633,'AT0691','面试结果通知','2019-04-17 06:27:37'),(634,'AT0692','收款提醒','2019-04-17 06:27:37'),(635,'AT0693','订单改价通知','2019-04-17 06:27:37'),(636,'AT0694','年保到期提醒','2019-04-17 06:27:37'),(637,'AT0695','自动定位成功提醒','2019-04-17 06:27:37'),(638,'AT0697','兑奖失败通知','2019-04-17 06:27:37'),(639,'AT0698','选座成功通知','2019-04-17 06:27:37'),(640,'AT0699','维修受理提醒','2019-04-17 06:27:37'),(641,'AT0700','包厢预订通知','2019-04-17 06:27:37'),(642,'AT0701','服务派单通知','2019-04-17 06:27:37'),(643,'AT0702','公众号认领结果通知','2019-04-17 06:27:37'),(644,'AT0703','校园招聘启动通知','2019-04-17 06:27:37'),(645,'AT0704','星级升级通知','2019-04-17 06:27:37'),(646,'AT0705','开奖结果通知','2019-04-17 06:27:37'),(647,'AT0706','货物承接通知','2019-04-17 06:27:37'),(648,'AT0707','验收结果通知','2019-04-17 06:27:37'),(649,'AT0708','还车提醒','2019-04-17 06:27:37'),(650,'AT0709','扣款通知','2019-04-17 06:27:37'),(651,'AT0710','取货通知','2019-04-17 06:27:37'),(652,'AT0711','工作进度通知','2019-04-17 06:27:37'),(653,'AT0712','预约已确认通知','2019-04-17 06:27:38'),(654,'AT0713','筹款电话登记提醒','2019-04-17 06:27:38'),(655,'AT0714','诊后评价提醒','2019-04-17 06:27:38'),(656,'AT0715','登出成功通知','2019-04-17 06:27:38'),(657,'AT0716','应邀成功通知','2019-04-17 06:27:38'),(658,'AT0717','域名注册通知','2019-04-17 06:27:38'),(659,'AT0718','合购成功通知','2019-04-17 06:27:38'),(660,'AT0719','费用结算通知','2019-04-17 06:27:38'),(661,'AT0720','装修进度通知','2019-04-17 06:27:38'),(662,'AT0721','上门取件通知','2019-04-17 06:27:38'),(663,'AT0722','集票成功通知','2019-04-17 06:27:38'),(664,'AT0724','报价成功通知','2019-04-17 06:27:38'),(665,'AT0725','捐步提醒','2019-04-17 06:27:38'),(666,'AT0726','提问结果通知','2019-04-17 06:27:38'),(667,'AT0727','拒单通知','2019-04-17 06:27:38'),(668,'AT0728','接收钥匙通知','2019-04-17 06:27:38'),(669,'AT0730','押金退还通知','2019-04-17 06:27:38'),(670,'AT0731','停水通知','2019-04-17 06:27:38'),(671,'AT0732','停电通知','2019-04-17 06:27:38'),(672,'AT0733','球赛时间变更通知','2019-04-17 06:27:38'),(673,'AT0734','比赛开赛提醒','2019-04-17 06:27:38'),(674,'AT0735','开卡成功通知','2019-04-17 06:27:38'),(675,'AT0736','步数上传提醒','2019-04-17 06:27:38'),(676,'AT0737','申请失败提醒','2019-04-17 06:27:38'),(677,'AT0738','商品不合格通知','2019-04-17 06:27:38'),(678,'AT0739','续住发起通知','2019-04-17 06:27:38'),(679,'AT0740','运动捐步提醒','2019-04-17 06:27:38'),(680,'AT0741','取消管理员通知','2019-04-17 06:27:38'),(681,'AT0742','创意被采纳提醒','2019-04-17 06:27:38'),(682,'AT0743','设成管理员通知','2019-04-17 06:27:38'),(683,'AT0744','医生发起对话通知','2019-04-17 06:27:38'),(684,'AT0745','打卡清单通知','2019-04-17 06:27:38'),(685,'AT0746','审核完成通知','2019-04-17 06:27:38'),(686,'AT0747','检票成功通知','2019-04-17 06:27:39'),(687,'AT0748','还书成功提醒','2019-04-17 06:27:39'),(688,'AT0749','支付完成通知','2019-04-17 06:27:39'),(689,'AT0750','赔款确认通知','2019-04-17 06:27:39'),(690,'AT0751','成员退出通知','2019-04-17 06:27:39'),(691,'AT0752','下班签退提醒','2019-04-17 06:27:39'),(692,'AT0753','需求确认通知','2019-04-17 06:27:39'),(693,'AT0754','需求审核通知','2019-04-17 06:27:39'),(694,'AT0755','列车候车通知','2019-04-17 06:27:39'),(695,'AT0757','续保通知','2019-04-17 06:27:39'),(696,'AT0758','寄卖回收状态通知','2019-04-17 06:27:39'),(697,'AT0759','开学提醒','2019-04-17 06:27:39'),(698,'AT0760','服务中止通知','2019-04-17 06:27:39'),(699,'AT0761','服药提醒','2019-04-17 06:27:39'),(700,'AT0762','借书审批通知','2019-04-17 06:27:39'),(701,'AT0763','保单交费通知','2019-04-17 06:27:39'),(702,'AT0764','设备报警通知','2019-04-17 06:27:39'),(703,'AT0765','员工接单通知','2019-04-17 06:27:39'),(704,'AT0766','卖出成功通知','2019-04-17 06:27:39'),(705,'AT0768','拼团进度通知','2019-04-17 06:27:39'),(706,'AT0769','取号提醒','2019-04-17 06:27:39'),(707,'AT0770','投递失败通知','2019-04-17 06:27:39'),(708,'AT0771','候诊排队提醒','2019-04-17 06:27:39'),(709,'AT0772','预约时间修改通知','2019-04-17 06:27:39'),(710,'AT0773','到店自提提醒','2019-04-17 06:27:39'),(711,'AT0774','举报回复通知','2019-04-17 06:27:39'),(712,'AT0775','项目发起成功通知','2019-04-17 06:27:39'),(713,'AT0776','订单填写完成通知','2019-04-17 06:27:39'),(714,'AT0777','解锁成功通知','2019-04-17 06:27:39'),(715,'AT0778','数据配置成功提醒','2019-04-17 06:27:39'),(716,'AT0779','数据配置失败提醒','2019-04-17 06:27:39'),(717,'AT0780','预约接受通知','2019-04-17 06:27:39'),(718,'AT0781','订单过期下架通知','2019-04-17 06:27:39'),(719,'AT0782','留言通知','2019-04-17 06:27:39'),(720,'AT0783','壁纸下载提醒','2019-04-17 06:27:39'),(721,'AT0784','写点评提醒','2019-04-17 06:27:39'),(722,'AT0785','加菜成功通知','2019-04-17 06:27:39'),(723,'AT0786','购课成功通知','2019-04-17 06:27:39'),(724,'AT0787','退款成功通知','2019-04-17 06:27:39'),(725,'AT0788','壁纸新增提醒','2019-04-17 06:27:39'),(726,'AT0789','配置结果提醒','2019-04-17 06:27:39'),(727,'AT0790','上课通知','2019-04-17 06:27:39'),(728,'AT0791','预定通知','2019-04-17 06:27:39'),(729,'AT0793','未读回信提醒','2019-04-17 06:27:39'),(730,'AT0794','摇号结果通知','2019-04-17 06:27:40'),(731,'AT0795','交易数据汇总提醒','2019-04-17 06:27:40'),(732,'AT0796','销售成功通知','2019-04-17 06:27:40'),(733,'AT0797','完成兑奖通知','2019-04-17 06:27:40'),(734,'AT0798','完成目标通知','2019-04-17 06:27:40'),(735,'AT0800','比赛报名通知','2019-04-17 06:27:40'),(736,'AT0801','分配成功通知','2019-04-17 06:27:40'),(737,'AT0802','名片同意交换通知','2019-04-17 06:27:40'),(738,'AT0803','拼车取消通知','2019-04-17 06:27:40'),(739,'AT0804','订单进度提醒','2019-04-17 06:27:40'),(740,'AT0805','尾款支付即将关闭提醒','2019-04-17 06:27:40'),(741,'AT0806','用气提醒','2019-04-17 06:27:40'),(742,'AT0807','物业缴费提醒','2019-04-17 06:27:40'),(743,'AT0808','尾款支付时间变动通知','2019-04-17 06:27:40'),(744,'AT0810','单位招聘岗位通知','2019-04-17 06:27:40'),(745,'AT0811','尾款支付提醒','2019-04-17 06:27:40'),(746,'AT0812','厂家寄出配件通知','2019-04-17 06:27:40'),(747,'AT0814','疾病词条编写完成通知','2019-04-17 06:27:40'),(748,'AT0815','点击呼叫提醒','2019-04-17 06:27:40'),(749,'AT0817','关注申请提醒','2019-04-17 06:27:40'),(750,'AT0818','待认证提醒','2019-04-17 06:27:40'),(751,'AT0819','卸货顺序提醒','2019-04-17 06:27:40'),(752,'AT0820','认证失败通知','2019-04-17 06:27:40'),(753,'AT0821','办理完成通知','2019-04-17 06:27:40'),(754,'AT0822','数字货币上线提醒','2019-04-17 06:27:40'),(755,'AT0823','团队加入成功通知','2019-04-17 06:27:40'),(756,'AT0824','账号创建成功通知','2019-04-17 06:27:40'),(757,'AT0825','租房提醒','2019-04-17 06:27:40'),(758,'AT0826','图书污损通知','2019-04-17 06:27:40'),(759,'AT0827','车辆违章更新提醒','2019-04-17 06:27:40'),(760,'AT0828','待交补偿款通知','2019-04-17 06:27:40'),(761,'AT0829','同意帮助提醒','2019-04-17 06:27:40'),(762,'AT0830','提现到账通知','2019-04-17 06:27:40'),(763,'AT0831','归还书籍通知','2019-04-17 06:27:40'),(764,'AT0832','预约爽约通知','2019-04-17 06:27:40'),(765,'AT0834','帮助完成通知','2019-04-17 06:27:40'),(766,'AT0835','评价提交成功通知','2019-04-17 06:27:41'),(767,'AT0836','审核不通过通知','2019-04-17 06:27:41'),(768,'AT0837','提货通知','2019-04-17 06:27:41'),(769,'AT0839','道路救援提醒','2019-04-17 06:27:41'),(770,'AT0840','配药进度提醒','2019-04-17 06:27:41'),(771,'AT0841','收到问卷回复通知','2019-04-17 06:27:41'),(772,'AT0842','求购状态通知','2019-04-17 06:27:41'),(773,'AT0844','拼单成功通知','2019-04-17 06:27:41'),(774,'AT0845','行动计划提醒','2019-04-17 06:27:41'),(775,'AT0846','生成口令成功通知','2019-04-17 06:27:41'),(776,'AT0847','移除成员通知','2019-04-17 06:27:41'),(777,'AT0848','拒绝领取提醒','2019-04-17 06:27:41'),(778,'AT0849','录入体重通知','2019-04-17 06:27:41'),(779,'AT0850','每日收入通知','2019-04-17 06:27:41'),(780,'AT0851','书籍被淘通知','2019-04-17 06:27:41'),(781,'AT0852','穿线请求通知','2019-04-17 06:27:41'),(782,'AT0853','资料提取通知','2019-04-17 06:27:41'),(783,'AT0854','拒绝帮助提醒','2019-04-17 06:27:41'),(784,'AT0855','送餐提醒','2019-04-17 06:27:41'),(785,'AT0858','订单赔付通知','2019-04-17 06:27:41'),(786,'AT0859','理赔进度通知','2019-04-17 06:27:41'),(787,'AT0861','筹款发起成功提醒','2019-04-17 06:27:41'),(788,'AT0862','报告状态通知','2019-04-17 06:27:41'),(789,'AT0864','计划进展提醒','2019-04-17 06:27:41'),(790,'AT0865','电话登记成功通知','2019-04-17 06:27:41'),(791,'AT0867','升级合伙人通知','2019-04-17 06:27:41'),(792,'AT0868','胎动提醒','2019-04-17 06:27:41'),(793,'AT0869','题库功能提醒','2019-04-17 06:27:41'),(794,'AT0871','信息完善通知','2019-04-17 06:27:41'),(795,'AT0872','改善建议通知','2019-04-17 06:27:41'),(796,'AT0873','企业认证通知','2019-04-17 06:27:41'),(797,'AT0874','待审核通知','2019-04-17 06:27:41'),(798,'AT0875','失物招领提醒','2019-04-17 06:27:41'),(799,'AT0876','施工整改通知','2019-04-17 06:27:41'),(800,'AT0877','填写退货单号通知','2019-04-17 06:27:41'),(801,'AT0879','话费流量提醒','2019-04-17 06:27:42'),(802,'AT0880','投票成功通知','2019-04-17 06:27:42'),(803,'AT0881','维修预约提醒','2019-04-17 06:27:42'),(804,'AT0882','整改状态变更通知','2019-04-17 06:27:42'),(805,'AT0883','朋友求助通知','2019-04-17 06:27:42'),(806,'AT0884','人员预警通知','2019-04-17 06:27:42'),(807,'AT0885','朋友安全通知','2019-04-17 06:27:42'),(808,'AT0886','资料补充通知','2019-04-17 06:27:42'),(809,'AT0887','拍卖开始提醒','2019-04-17 06:27:42'),(810,'AT0889','捐款成功通知','2019-04-17 06:27:42'),(811,'AT0890','设备预警通知','2019-04-17 06:27:42'),(812,'AT0892','课程回顾提醒','2019-04-17 06:27:42'),(813,'AT0893','登报成功通知','2019-04-17 06:27:42'),(814,'AT0894','余额不足提醒','2019-04-17 06:27:42'),(815,'AT0895','补货申请通知','2019-04-17 06:27:42'),(816,'AT0896','组团人数不足提醒','2019-04-17 06:27:42'),(817,'AT0897','挂失成功通知','2019-04-17 06:27:42'),(818,'AT0898','会议开始通知','2019-04-17 06:27:42'),(819,'AT0899','骑行提醒','2019-04-17 06:27:42'),(820,'AT0900','课程即将开始提醒','2019-04-17 06:27:42'),(821,'AT0901','登报待支付提醒','2019-04-17 06:27:42'),(822,'AT0902','充电卡操作提醒','2019-04-17 06:27:42'),(823,'AT0903','截团提醒','2019-04-17 06:27:42'),(824,'AT0904','简历整理通知','2019-04-17 06:27:42'),(825,'AT0905','回收成功通知','2019-04-17 06:27:42'),(826,'AT0906','授权申请通知','2019-04-17 06:27:42'),(827,'AT0907','授权成功通知','2019-04-17 06:27:42'),(828,'AT0908','报纸寄送提醒','2019-04-17 06:27:42'),(829,'AT0909','里程确认提醒','2019-04-17 06:27:42'),(830,'AT0910','拼字成功通知','2019-04-17 06:27:42'),(831,'AT0911','拼团待成团提醒','2019-04-17 06:27:42'),(832,'AT0912','景区已订阅节目提醒','2019-04-17 06:27:42'),(833,'AT0913','拼图生成通知','2019-04-17 06:27:42'),(834,'AT0914','拼图成功通知','2019-04-17 06:27:42'),(835,'AT0915','需求状态通知','2019-04-17 06:27:42'),(836,'AT0916','车辆进出场通知','2019-04-17 06:27:42'),(837,'AT0917','母乳喂养通知','2019-04-17 06:27:42'),(838,'AT0918','认证结果通知','2019-04-17 06:27:42'),(839,'AT0919','报名状态通知','2019-04-17 06:27:42'),(840,'AT0920','拼字生成通知','2019-04-17 06:27:42'),(841,'AT0921','签证到期提醒','2019-04-17 06:27:43'),(842,'AT0922','帮会创建成功通知','2019-04-17 06:27:43'),(843,'AT0923','好友接受挑战通知','2019-04-17 06:27:43'),(844,'AT0925','比赛取消通知','2019-04-17 06:27:43'),(845,'AT0926','抬头更新通知','2019-04-17 06:27:43'),(846,'AT0927','比赛状态提醒','2019-04-17 06:27:43'),(847,'AT0929','上门揽收失败通知','2019-04-17 06:27:43'),(848,'AT0930','寄存成功通知','2019-04-17 06:27:43'),(849,'AT0931','开门成功通知','2019-04-17 06:27:43'),(850,'AT0932','寄存结束通知','2019-04-17 06:27:43'),(851,'AT0933','参团成功提醒','2019-04-17 06:27:43'),(852,'AT0934','客户确认通知','2019-04-17 06:27:43'),(853,'AT0935','客户拒绝通知','2019-04-17 06:27:43'),(854,'AT0936','设备绑定通知','2019-04-17 06:27:43'),(855,'AT0937','首次借书提醒','2019-04-17 06:27:43'),(856,'AT0938','订单安装指派通知','2019-04-17 06:27:43'),(857,'AT0939','内容审阅通知','2019-04-17 06:27:43'),(858,'AT0940','项目申请查看提醒','2019-04-17 06:27:43'),(859,'AT0941','存入成功通知','2019-04-17 06:27:43'),(860,'AT0942','转出成功通知','2019-04-17 06:27:43'),(861,'AT0943','支取成功通知','2019-04-17 06:27:43'),(862,'AT0944','支取失败通知','2019-04-17 06:27:43'),(863,'AT0945','身份证上传通知','2019-04-17 06:27:43'),(864,'AT0946','电费充值提醒','2019-04-17 06:27:43'),(865,'AT0949','项目约谈提醒','2019-04-17 06:27:43'),(866,'AT0950','意见提交提醒','2019-04-17 06:27:43'),(867,'AT0951','每日运营统计通知','2019-04-17 06:27:43'),(868,'AT0952','人脉申请处理通知','2019-04-17 06:27:43'),(869,'AT0953','商品无法代买通知','2019-04-17 06:27:43'),(870,'AT0954','画题被答对通知','2019-04-17 06:27:43'),(871,'AT0955','相册生成失败通知','2019-04-17 06:27:43'),(872,'AT0956','填写退货信息通知','2019-04-17 06:27:43'),(873,'AT0957','患者预约提醒','2019-04-17 06:27:43'),(874,'AT0958','航班动态提醒','2019-04-17 06:27:43'),(875,'AT0959','取消就诊提醒','2019-04-17 06:27:43'),(876,'AT0960','图书损坏提醒','2019-04-17 06:27:43'),(877,'AT0961','身份审核成功通知','2019-04-17 06:27:43'),(878,'AT0962','画作被赞赏通知','2019-04-17 06:27:43'),(879,'AT0963','校园卡捡拾状态提醒','2019-04-17 06:27:43'),(880,'AT0964','关联提醒','2019-04-17 06:27:43'),(881,'AT0965','字据确认通知','2019-04-17 06:27:44'),(882,'AT0966','字据结果通知','2019-04-17 06:27:44'),(883,'AT0968','字据兑现期限提醒','2019-04-17 06:27:44'),(884,'AT0971','文件下载完成通知','2019-04-17 06:27:44'),(885,'AT0972','文书送达提醒','2019-04-17 06:27:44'),(886,'AT0973','买家收货通知','2019-04-17 06:27:44'),(887,'AT0974','发放串码通知','2019-04-17 06:27:44'),(888,'AT0975','车辆更新提醒','2019-04-17 06:27:44'),(889,'AT0976','移车结果提醒','2019-04-17 06:27:44'),(890,'AT0978','直阻不平衡率计算通知','2019-04-17 06:27:44'),(891,'AT0979','快递回收提醒','2019-04-17 06:27:44'),(892,'AT0980','定金到账通知','2019-04-17 06:27:44'),(893,'AT0981','上门回收提醒','2019-04-17 06:27:44'),(894,'AT0982','完善投保信息通知','2019-04-17 06:27:44'),(895,'AT0983','比赛开始提醒','2019-04-17 06:27:44'),(896,'AT0984','群影被赞提醒','2019-04-17 06:27:44'),(897,'AT0985','定制预览图生成通知','2019-04-17 06:27:44'),(898,'AT0986','收藏成功通知','2019-04-17 06:27:44'),(899,'AT0988','预约到店提醒','2019-04-17 06:27:44'),(900,'AT0989','扣分通知','2019-04-17 06:27:44'),(901,'AT0990','商品审核通知','2019-04-17 06:27:44'),(902,'AT0991','拍摄通知','2019-04-17 06:27:44'),(903,'AT0992','延时扣款通知','2019-04-17 06:27:44'),(904,'AT0993','宝宝体检提醒','2019-04-17 06:27:44'),(905,'AT0995','续会成功提醒','2019-04-17 06:27:44'),(906,'AT0997','运单完成通知','2019-04-17 06:27:44'),(907,'AT0998','运单中标通知','2019-04-17 06:27:44'),(908,'AT0999','取消帮助提醒','2019-04-17 06:27:44'),(909,'AT1000','降重结果通知','2019-04-17 06:27:44'),(910,'AT1001','接单提醒','2019-04-17 06:27:44'),(911,'AT1002','连接WIFI提醒','2019-04-17 06:27:44'),(912,'AT1005','期货头寸变动提醒','2019-04-17 06:27:44'),(913,'AT1006','不合格商品数据更新通知','2019-04-17 06:27:44'),(914,'AT1007','划价收费通知','2019-04-17 06:27:44'),(915,'AT1008','访客提醒','2019-04-17 06:27:44'),(916,'AT1009','预约结果通知','2019-04-17 06:27:44'),(917,'AT1010','面试申请通知','2019-04-17 06:27:44'),(918,'AT1011','申请开门通知','2019-04-17 06:27:44'),(919,'AT1012','运单结算驳回通知','2019-04-17 06:27:44'),(920,'AT1013','运单结算确认通知','2019-04-17 06:27:44'),(921,'AT1014','开锁成功通知','2019-04-17 06:27:45'),(922,'AT1015','代付状态通知','2019-04-17 06:27:45'),(923,'AT1016','自动发货通知','2019-04-17 06:27:45'),(924,'AT1017','拍卖结果通知','2019-04-17 06:27:45'),(925,'AT1018','运动抽保额提醒','2019-04-17 06:27:45'),(926,'AT1020','频道创建成功通知','2019-04-17 06:27:45'),(927,'AT1021','解绑成功通知','2019-04-17 06:27:45'),(928,'AT1022','收到支持通知','2019-04-17 06:27:45'),(929,'AT1023','录入未完成提醒','2019-04-17 06:27:45'),(930,'AT1024','诊所反馈情况通知','2019-04-17 06:27:45'),(931,'AT1025','成员移出通知','2019-04-17 06:27:45'),(932,'AT1026','车位锁安装成功通知','2019-04-17 06:27:45'),(933,'AT1027','课程成绩通知','2019-04-17 06:27:45'),(934,'AT1029','取件通知','2019-04-17 06:27:45'),(935,'AT1030','包裹派送中提醒','2019-04-17 06:27:45'),(936,'AT1031','家长看园提醒','2019-04-17 06:27:45'),(937,'AT1032','银行卡归属地查询通知','2019-04-17 06:27:45'),(938,'AT1033','团队创建成功通知','2019-04-17 06:27:45'),(939,'AT1034','解散团队通知','2019-04-17 06:27:45'),(940,'AT1035','借伞失败通知','2019-04-17 06:27:45'),(941,'AT1036','取伞成功通知','2019-04-17 06:27:45'),(942,'AT1037','遗失处理通知','2019-04-17 06:27:45'),(943,'AT1038','服务即将结束通知','2019-04-17 06:27:45'),(944,'AT1039','包裹到达目的城市提醒','2019-04-17 06:27:45'),(945,'AT1040','运营数据通知','2019-04-17 06:27:45'),(946,'AT1041','报名费到账通知','2019-04-17 06:27:45'),(947,'AT1042','量房签约数量通知','2019-04-17 06:27:45'),(948,'AT1043','赛事预告提醒','2019-04-17 06:27:45'),(949,'AT1045','黄金红包过期退还通知','2019-04-17 06:27:45'),(950,'AT1047','壁纸审核通知','2019-04-17 06:27:45'),(951,'AT1048','物流状态提醒','2019-04-17 06:27:45'),(952,'AT1049','比赛邀请通知','2019-04-17 06:27:45'),(953,'AT1050','问题反馈通知','2019-04-17 06:27:45'),(954,'AT1051','订单待确认提醒','2019-04-17 06:27:45'),(955,'AT1052','订单就绪通知','2019-04-17 06:27:45'),(956,'AT1053','导游任务分派通知','2019-04-17 06:27:45'),(957,'AT1054','口令到期通知','2019-04-17 06:27:45'),(958,'AT1055','工地施工排期修改通知','2019-04-17 06:27:45'),(959,'AT1056','订单发布通知','2019-04-17 06:27:45'),(960,'AT1057','停气通知','2019-04-17 06:27:45'),(961,'AT1059','接单即将超时通知','2019-04-17 06:27:46'),(962,'AT1060','气象预警提醒','2019-04-17 06:27:46'),(963,'AT1061','缺货通知','2019-04-17 06:27:46'),(964,'AT1062','订单废弃提醒','2019-04-17 06:27:46'),(965,'AT1063','预约超时通知','2019-04-17 06:27:46'),(966,'AT1064','频道加入成功通知','2019-04-17 06:27:46'),(967,'AT1065','领养通知','2019-04-17 06:27:46'),(968,'AT1066','任务接收通知','2019-04-17 06:27:46'),(969,'AT1068','经营报告通知','2019-04-17 06:27:46'),(970,'AT1069','理赔进度提醒','2019-04-17 06:27:46'),(971,'AT1070','处方生成通知','2019-04-17 06:27:46'),(972,'AT1071','预约过期通知','2019-04-17 06:27:46'),(973,'AT1072','订单被接通知','2019-04-17 06:27:46'),(974,'AT1073','录用通知','2019-04-17 06:27:46'),(975,'AT1074','包裹签收提醒','2019-04-17 06:27:46'),(976,'AT1075','秒杀成功通知','2019-04-17 06:27:46'),(977,'AT1076','洗衣预约下单提醒','2019-04-17 06:27:46'),(978,'AT1078','医保使用提醒','2019-04-17 06:27:46'),(979,'AT1079','绑定通知','2019-04-17 06:27:46'),(980,'AT1081','预约到期提醒','2019-04-17 06:27:46'),(981,'AT1083','牙套计时提醒','2019-04-17 06:27:46'),(982,'AT1084','预约收衣提醒','2019-04-17 06:27:46'),(983,'AT1085','提货成功通知','2019-04-17 06:27:46'),(984,'AT1086','职位审核通知','2019-04-17 06:27:46'),(985,'AT1087','岗位审核通知','2019-04-17 06:27:46'),(986,'AT1088','作品被转发通知','2019-04-17 06:27:46'),(987,'AT1091','简历被下载通知','2019-04-17 06:27:46'),(988,'AT1092','缺陷发现通知','2019-04-17 06:27:46'),(989,'AT1093','订单加工进度提醒','2019-04-17 06:27:46'),(990,'AT1094','付款状态提醒','2019-04-17 06:27:46'),(991,'AT1096','库存变更提醒','2019-04-17 06:27:46'),(992,'AT1097','会议乘车通知','2019-04-17 06:27:46'),(993,'AT1098','交通卡已放入卡包通知','2019-04-17 06:27:46'),(994,'AT1099','每日记录提醒','2019-04-17 06:27:46'),(995,'AT1100','每日运动提醒','2019-04-17 06:27:46'),(996,'AT1101','借伞成功通知','2019-04-17 06:27:46'),(997,'AT1102','开店成功提醒','2019-04-17 06:27:46'),(998,'AT1103','报修提交成功通知','2019-04-17 06:27:46'),(999,'AT1104','申贷成功提醒','2019-04-17 06:27:46'),(1000,'AT1105','服药超时提醒','2019-04-17 06:27:47'),(1001,'AT1106','预约作废提醒','2019-04-17 06:27:47'),(1002,'AT1107','校园卡找回通知','2019-04-17 06:27:47'),(1003,'AT1109','兑换码获取成功通知','2019-04-17 06:27:47'),(1004,'AT1110','预约登记成功通知','2019-04-17 06:27:47'),(1005,'AT1111','生源沟通提醒','2019-04-17 06:27:47'),(1006,'AT1112','位置到达通知','2019-04-17 06:27:47'),(1007,'AT1113','运单派送成功通知','2019-04-17 06:27:47'),(1008,'AT1114','充电开始通知','2019-04-17 06:27:47'),(1009,'AT1115','处罚通知','2019-04-17 06:27:47'),(1010,'AT1117','还伞成功通知','2019-04-17 06:27:47'),(1011,'AT1118','归还提醒','2019-04-17 06:27:47'),(1012,'AT1119','费用退还通知','2019-04-17 06:27:47'),(1013,'AT1120','入库通知','2019-04-17 06:27:47'),(1014,'AT1121','出库通知','2019-04-17 06:27:47'),(1015,'AT1122','发货通知','2019-04-17 06:27:47'),(1016,'AT1123','处理申贷通知','2019-04-17 06:27:47'),(1017,'AT1125','工作任务通知','2019-04-17 06:27:47'),(1018,'AT1126','授权失败通知','2019-04-17 06:27:47'),(1019,'AT1127','充电宝借入凭证通知','2019-04-17 06:27:47'),(1020,'AT1128','充电宝归还通知','2019-04-17 06:27:47'),(1021,'AT1129','停课通知','2019-04-17 06:27:47'),(1022,'AT1130','收到赞赏通知','2019-04-17 06:27:47'),(1023,'AT1131','预约看房通知','2019-04-17 06:27:47'),(1024,'AT1132','竞赛通知','2019-04-17 06:27:47'),(1025,'AT1133','转入成功通知','2019-04-17 06:27:47'),(1026,'AT1134','转出失败通知','2019-04-17 06:27:47'),(1027,'AT1135','限行提醒','2019-04-17 06:27:47'),(1028,'AT1136','竞赛创建成功通知','2019-04-17 06:27:47'),(1029,'AT1137','登录异常提醒','2019-04-17 06:27:47'),(1030,'AT1138','账单确认通知','2019-04-17 06:27:47'),(1031,'AT1139','套餐变更通知','2019-04-17 06:27:47'),(1032,'AT1140','试用结果通知 ','2019-04-17 06:27:47'),(1033,'AT1141','执行人变更通知','2019-04-17 06:27:47'),(1034,'AT1143','联系人申请通过提醒','2019-04-17 06:27:47'),(1035,'AT1144','照片被赞通知','2019-04-17 06:27:47'),(1036,'AT1145','车辆限行提醒','2019-04-17 06:27:47'),(1037,'AT1146','取货成功通知','2019-04-17 06:27:47'),(1038,'AT1147','账号申请确认通知','2019-04-17 06:27:47'),(1039,'AT1148','猜猜生成通知','2019-04-17 06:27:47'),(1040,'AT1149','商品选购成功通知','2019-04-17 06:27:47'),(1041,'AT1150','套餐确认通知','2019-04-17 06:27:48'),(1042,'AT1151','公告驳回通知','2019-04-17 06:27:48'),(1043,'AT1152','门票使用提醒','2019-04-17 06:27:48'),(1044,'AT1153','公告发排通知','2019-04-17 06:27:48'),(1045,'AT1154','赞赏成功通知','2019-04-17 06:27:48'),(1046,'AT1155','更改群空间名称通知','2019-04-17 06:27:48'),(1047,'AT1156','伞具转借成功通知','2019-04-17 06:27:48'),(1048,'AT1158','代驾提醒','2019-04-17 06:27:48'),(1049,'AT1160','签到取餐提醒','2019-04-17 06:27:48'),(1050,'AT1164','接乘通知','2019-04-17 06:27:48'),(1051,'AT1165','缴费提交成功通知','2019-04-17 06:27:48'),(1052,'AT1166','退票成功通知','2019-04-17 06:27:48'),(1053,'AT1168','订单生成通知','2019-04-17 06:27:48'),(1054,'AT1169','服务运行状态通知','2019-04-17 06:27:48'),(1055,'AT1170','行程结算通知','2019-04-17 06:27:48'),(1056,'AT1171','注销结果通知','2019-04-17 06:27:48'),(1057,'AT1173','砍价成功通知','2019-04-17 06:27:48'),(1058,'AT1174','路线匹配成功通知','2019-04-17 06:27:48'),(1059,'AT1176','新股申购提醒','2019-04-17 06:27:48'),(1060,'AT1177','可转债申购提醒','2019-04-17 06:27:48'),(1061,'AT1178','电子养犬登记证领取通知','2019-04-17 06:27:48'),(1062,'AT1179','砍价进度通知','2019-04-17 06:27:48'),(1063,'AT1180','群主转让请求确认通知','2019-04-17 06:27:48'),(1064,'AT1181','成為店員通知','2019-04-17 06:27:48'),(1065,'AT1182','商戶註冊成功通知','2019-04-17 06:27:48'),(1066,'AT1183','商户加入成功通知','2019-04-17 06:27:48'),(1067,'AT1184','可转债中签提醒','2019-04-17 06:27:48'),(1068,'AT1185','需求提交成功提醒','2019-04-17 06:27:48'),(1069,'AT1186','中奖结果通知','2019-04-17 06:27:48'),(1070,'AT1187','商户设备装机状态提醒','2019-04-17 06:27:48'),(1071,'AT1188','商品入库通知','2019-04-17 06:27:49'),(1072,'AT1189','商品出库提醒','2019-04-17 06:27:49'),(1073,'AT1190','订单仲裁通知','2019-04-17 06:27:49'),(1074,'AT1191','合同签署提醒','2019-04-17 06:27:49'),(1075,'AT1192','车辆进场通知','2019-04-17 06:27:49'),(1076,'AT1193','退货提醒','2019-04-17 06:27:49'),(1077,'AT1194','报名黑名单通知','2019-04-17 06:27:49'),(1078,'AT1195','报名删除通知','2019-04-17 06:27:49'),(1079,'AT1197','视频验证发起提醒','2019-04-17 06:27:49'),(1080,'AT1200','账户冻结通知','2019-04-17 06:27:49'),(1081,'AT1201','委托成功通知','2019-04-17 06:27:49'),(1082,'AT1202','计划完成通知','2019-04-17 06:27:49'),(1083,'AT1203','问题提交失败通知','2019-04-17 06:27:49'),(1084,'AT1204','账户解锁通知','2019-04-17 06:27:49'),(1085,'AT1205','资金审核通知','2019-04-17 06:27:49'),(1086,'AT1206','计划检查通知','2019-04-17 06:27:49'),(1087,'AT1208','数字货币行情提醒','2019-04-17 06:27:49'),(1088,'AT1209','年检提醒','2019-04-17 06:27:49'),(1089,'AT1211','延迟发车通知','2019-04-17 06:27:49'),(1090,'AT1212','取消发车通知','2019-04-17 06:27:49'),(1091,'AT1213','积分兑换成功通知','2019-04-17 06:27:49'),(1092,'AT1214','借书状态变更通知','2019-04-17 06:27:49'),(1093,'AT1215','薪资明细通知','2019-04-17 06:27:49'),(1094,'AT1216','入账汇总通知','2019-04-17 06:27:49'),(1095,'AT1217','派单施工通知','2019-04-17 06:27:49'),(1096,'AT1218','工资复审提醒','2019-04-17 06:27:49'),(1097,'AT1219','简历投递反馈通知','2019-04-17 06:27:49'),(1098,'AT1220','设备保养提醒','2019-04-17 06:27:49'),(1099,'AT1221','关联成功通知','2019-04-17 06:27:49'),(1100,'AT1222','新开单提醒','2019-04-17 06:27:49'),(1101,'AT1224','内推进度通知','2019-04-17 06:27:50'),(1102,'AT1225','运动结果通知','2019-04-17 06:27:50'),(1103,'AT1226','位置安全提醒','2019-04-17 06:27:50'),(1104,'AT1227','联乘补贴到账通知','2019-04-17 06:27:50'),(1105,'AT1228','座位到期提醒','2019-04-17 06:27:50'),(1106,'AT1229','取药提醒','2019-04-17 06:27:50'),(1107,'AT1230','投稿成功通知','2019-04-17 06:27:50'),(1108,'AT1231','采购单已冻结通知','2019-04-17 06:27:50'),(1109,'AT1232','工作日报提醒','2019-04-17 06:27:50'),(1110,'AT1233','发布职位提醒','2019-04-17 06:27:50'),(1111,'AT1234','水压设备信息提醒','2019-04-17 06:27:50'),(1112,'AT1236','交租通知','2019-04-17 06:27:50'),(1113,'AT1237','材料收取通知','2019-04-17 06:27:50'),(1114,'AT1239','作品答对通知','2019-04-17 06:27:50'),(1115,'AT1240','招工信息到期提醒','2019-04-17 06:27:50'),(1116,'AT1241','作品审核通知','2019-04-17 06:27:50'),(1117,'AT1242','提现失败通知','2019-04-17 06:27:50'),(1118,'AT1243','指数预警提醒','2019-04-17 06:27:50'),(1119,'AT1244','救援维修请求提醒','2019-04-17 06:27:50'),(1120,'AT1245','汽车救援请求提醒','2019-04-17 06:27:50'),(1121,'AT1246','预约到货通知','2019-04-17 06:27:50'),(1122,'AT1247','取餐完成通知','2019-04-17 06:27:50'),(1123,'AT1248','简历动态提醒','2019-04-17 06:27:50'),(1124,'AT1249','好友确认通知','2019-04-17 06:27:50'),(1125,'AT1250','内容被赞提醒','2019-04-17 06:27:50'),(1126,'AT1251','预付成功通知','2019-04-17 06:27:50'),(1127,'AT1252','换班成功通知','2019-04-17 06:27:50'),(1128,'AT1253','充电宝借出通知','2019-04-17 06:27:50'),(1129,'AT1254','涂鸦生成通知','2019-04-17 06:27:50'),(1130,'AT1255','座位续时通知','2019-04-17 06:27:50'),(1131,'AT1256','订单拒接通知','2019-04-17 06:27:50'),(1132,'AT1258','补货成功通知','2019-04-17 06:27:50'),(1133,'AT1259','待补货通知','2019-04-17 06:27:50'),(1134,'AT1260','网情预警提醒','2019-04-17 06:27:50'),(1135,'AT1261','布样分析结果通知','2019-04-17 06:27:50'),(1136,'AT1263','注册失败提醒','2019-04-17 06:27:50'),(1137,'AT1264','归还成功通知','2019-04-17 06:27:50'),(1138,'AT1265','订单激活通知','2019-04-17 06:27:50'),(1139,'AT1266','预约待确认通知','2019-04-17 06:27:50'),(1140,'AT1267','上传结果通知','2019-04-17 06:27:50'),(1141,'AT1268','分单完成通知','2019-04-17 06:27:50'),(1142,'AT1269','分期月付到期提醒','2019-04-17 06:27:50'),(1143,'AT1270','线下面试通知','2019-04-17 06:27:50'),(1144,'AT1271','签证进度通知','2019-04-17 06:27:50'),(1145,'AT1272','组队申请通知','2019-04-17 06:27:50'),(1146,'AT1273','抢票成功提醒','2019-04-17 06:27:50'),(1147,'AT1274','课程完结通知','2019-04-17 06:27:50'),(1148,'AT1275','评价完成通知','2019-04-17 06:27:50'),(1149,'AT1276','补单提醒','2019-04-17 06:27:50'),(1150,'AT1277','申请通过提醒','2019-04-17 06:27:51'),(1151,'AT1278','用车通知','2019-04-17 06:27:51'),(1152,'AT1279','好友帮助结果通知','2019-04-17 06:27:51'),(1153,'AT1281','订阅到期通知','2019-04-17 06:27:51'),(1154,'AT1282','收到答卷通知','2019-04-17 06:27:51'),(1155,'AT1283','认证到期提醒','2019-04-17 06:27:51'),(1156,'AT1284','重新提交信息提醒','2019-04-17 06:27:51'),(1157,'AT1285','催货提醒','2019-04-17 06:27:51'),(1158,'AT1286','派单成功通知','2019-04-17 06:27:51'),(1159,'AT1288','生成步数成功通知','2019-04-17 06:27:51'),(1160,'AT1290','等待期到期通知','2019-04-17 06:27:51'),(1161,'AT1291','备忘录提醒','2019-04-17 06:27:51'),(1162,'AT1292','碎片搜集情况通知','2019-04-17 06:27:51'),(1163,'AT1293','影片评价提醒','2019-04-17 06:27:51'),(1164,'AT1294','取消资格提醒','2019-04-17 06:27:51'),(1165,'AT1295','消防安全通知','2019-04-17 06:27:51'),(1166,'AT1296','歌曲入选通知','2019-04-17 06:27:51'),(1167,'AT1297','打卡失败通知','2019-04-17 06:27:51'),(1168,'AT1298','好友出发提醒','2019-04-17 06:27:51'),(1169,'AT1299','确认购买提醒','2019-04-17 06:27:51'),(1170,'AT1300','名片申请交换通知','2019-04-17 06:27:51'),(1171,'AT1301','客户同意通知','2019-04-17 06:27:51'),(1172,'AT1302','学习周报通知','2019-04-17 06:27:51'),(1173,'AT1303','校车到达提醒','2019-04-17 06:27:51'),(1174,'AT1304','预登记完成提醒','2019-04-17 06:27:51'),(1175,'AT1305','置顶成功通知','2019-04-17 06:27:51'),(1176,'AT1306','房号变更提醒','2019-04-17 06:27:51'),(1177,'AT1307','定时守护到时提醒','2019-04-17 06:27:51'),(1178,'AT1308','订单分房提醒','2019-04-17 06:27:51'),(1179,'AT1309','司机分配通知','2019-04-17 06:27:51'),(1180,'AT1310','约战成功提醒','2019-04-17 06:27:51'),(1181,'AT1311','好友到达提醒','2019-04-17 06:27:51'),(1182,'AT1312','名片创建成功提醒','2019-04-17 06:27:51'),(1183,'AT1313','交易成功提醒','2019-04-17 06:27:51'),(1184,'AT1314','分房成功提醒','2019-04-17 06:27:51'),(1185,'AT1315','乘车码服务注销通知','2019-04-17 06:27:51'),(1186,'AT1316','订单重新确认通知','2019-04-17 06:27:52'),(1187,'AT1317','卷宗签收通知','2019-04-17 06:27:52'),(1188,'AT1318','新匹配工作通知','2019-04-17 06:27:52'),(1189,'AT1319','邮寄申请通知','2019-04-17 06:27:52'),(1190,'AT1320','服务结束通知','2019-04-17 06:27:52'),(1191,'AT1321','直播取消提醒','2019-04-17 06:27:52'),(1192,'AT1322','验单成功提醒','2019-04-17 06:27:52'),(1193,'AT1323','计费开始提醒','2019-04-17 06:27:52'),(1194,'AT1324','预约码到期提醒','2019-04-17 06:27:52'),(1195,'AT1325','补款通知','2019-04-17 06:27:52'),(1196,'AT1326','订单撤单提醒','2019-04-17 06:27:52'),(1197,'AT1327','开票提醒','2019-04-17 06:27:52'),(1198,'AT1328','检测报告进度通知','2019-04-17 06:27:52'),(1199,'AT1329','竞拍进度通知','2019-04-17 06:27:52'),(1200,'AT1330','提现成功通知','2019-04-17 06:27:52'),(1201,'AT1331','改价申请提醒','2019-04-17 06:27:52'),(1202,'AT1333','工程进度提醒','2019-04-17 06:27:52'),(1203,'AT1334','租借失败通知','2019-04-17 06:27:52'),(1204,'AT1335','视频被分享通知','2019-04-17 06:27:52'),(1205,'AT1336','婚礼邀请回执提醒','2019-04-17 06:27:52'),(1206,'AT1337','标签添加成功通知','2019-04-17 06:27:52'),(1207,'AT1338','语音生成通知','2019-04-17 06:27:52'),(1208,'AT1339','监控结果通知','2019-04-17 06:27:52'),(1209,'AT1340','相册创建成功通知','2019-04-17 06:27:52'),(1210,'AT1341','询价结果通知','2019-04-17 06:27:52'),(1211,'AT1342','就诊提醒','2019-04-17 06:27:52'),(1212,'AT1343','约战取消通知','2019-04-17 06:27:52'),(1213,'AT1344','入职通知','2019-04-17 06:27:52'),(1214,'AT1345','已关注的商品降价提醒','2019-04-17 06:27:52'),(1215,'AT1346','好友同步通知','2019-04-17 06:27:52'),(1216,'AT1347','团队共享通知','2019-04-17 06:27:52'),(1217,'AT1349','预验证结果通知','2019-04-17 06:27:52'),(1218,'AT1350','打卡成功通知','2019-04-17 06:27:52'),(1219,'AT1351','邮寄受理成功通知','2019-04-17 06:27:52'),(1220,'AT1352','待出行游客提醒','2019-04-17 06:27:52'),(1221,'AT1353','火车票添加成功通知','2019-04-17 06:27:52'),(1222,'AT1354','火车到站提醒','2019-04-17 06:27:52'),(1223,'AT1355','视频生成通知','2019-04-17 06:27:52'),(1224,'AT1356','门锁密码通知','2019-04-17 06:27:52'),(1225,'AT1357','新运价发布成功提醒','2019-04-17 06:27:52'),(1226,'AT1358','拍卖进展通知','2019-04-17 06:27:52'),(1227,'AT1359','拍卖成功通知','2019-04-17 06:27:52'),(1228,'AT1360','开机成功通知','2019-04-17 06:27:52'),(1229,'AT1361','存包成功通知','2019-04-17 06:27:52'),(1230,'AT1362','管理员清柜通知','2019-04-17 06:27:52'),(1231,'AT1363','服务待完成提醒','2019-04-17 06:27:53'),(1232,'AT1364','存包超时通知','2019-04-17 06:27:53'),(1233,'AT1365','设备连接成功通知','2019-04-17 06:27:53'),(1234,'AT1366','赛事动态提醒','2019-04-17 06:27:53'),(1235,'AT1367','物品交换通知','2019-04-17 06:27:53'),(1236,'AT1368','成长测评更新通知','2019-04-17 06:27:53'),(1237,'AT1369','日志记录提醒','2019-04-17 06:27:53'),(1238,'AT1370','借书成功通知','2019-04-17 06:27:53'),(1239,'AT1371','归还图书通知','2019-04-17 06:27:53'),(1240,'AT1372','已安排设计经理通知','2019-04-17 06:27:53'),(1241,'AT1373','校园网恢复提醒','2019-04-17 06:27:53'),(1242,'AT1374','答案被查看通知','2019-04-17 06:27:53'),(1243,'AT1375','查询状态提醒','2019-04-17 06:27:53'),(1244,'AT1376','会议回放通知','2019-04-17 06:27:53'),(1245,'AT1377','收到约拍请求通知','2019-04-17 06:27:53'),(1246,'AT1380','应聘提醒','2019-04-17 06:27:53'),(1247,'AT1381','收到回赏通知','2019-04-17 06:27:53'),(1248,'AT1382','运费补拍提醒','2019-04-17 06:27:53'),(1249,'AT1383','抢票进度提醒','2019-04-17 06:27:53'),(1250,'AT1384','呼唤门铃提醒','2019-04-17 06:27:53'),(1251,'AT1386','昨日链克数据提醒','2019-04-17 06:27:53'),(1252,'AT1387','体检报告完成通知','2019-04-17 06:27:53'),(1253,'AT1389','集货成功通知','2019-04-17 06:27:53'),(1254,'AT1390','集货失败通知','2019-04-17 06:27:53'),(1255,'AT1391','互换联系方式成功通知','2019-04-17 06:27:53'),(1256,'AT1392','提问创建成功通知','2019-04-17 06:27:53'),(1257,'AT1393','销售业绩提醒','2019-04-17 06:27:53'),(1258,'AT1394','列车报警确认通知','2019-04-17 06:27:53'),(1259,'AT1395','视频制作完成通知','2019-04-17 06:27:53'),(1260,'AT1396','交易异常提醒','2019-04-17 06:27:53'),(1261,'AT1397','退签成功通知','2019-04-17 06:27:53'),(1262,'AT1398','运动记录被赞提醒','2019-04-17 06:27:53'),(1263,'AT1399','调课通知','2019-04-17 06:27:53'),(1264,'AT1400','测试未完成提醒','2019-04-17 06:27:53'),(1265,'AT1402','问题退回通知','2019-04-17 06:27:53'),(1266,'AT1403','维护完成通知','2019-04-17 06:27:53'),(1267,'AT1404','执法成功通知','2019-04-17 06:27:53'),(1268,'AT1405','卡片退还通知','2019-04-17 06:27:53'),(1269,'AT1406','新队员申请通知','2019-04-17 06:27:53'),(1270,'AT1407','同意沟通提醒','2019-04-17 06:27:53'),(1271,'AT1408','请求加入相册通知','2019-04-17 06:27:53'),(1272,'AT1409','劝退通知','2019-04-17 06:27:53'),(1273,'AT1410','订单关闭提醒','2019-04-17 06:27:53'),(1274,'AT1411','电话咨询提醒','2019-04-17 06:27:53'),(1275,'AT1412','入驻成功通知','2019-04-17 06:27:54'),(1276,'AT1413','航班登机提醒','2019-04-17 06:27:54'),(1277,'AT1414','线路审核通知','2019-04-17 06:27:54'),(1278,'AT1415','操作失败通知','2019-04-17 06:27:54'),(1279,'AT1416','采购申请通知','2019-04-17 06:27:54'),(1280,'AT1417','课程取消通知','2019-04-17 06:27:54'),(1281,'AT1418','在线辨证结果通知','2019-04-17 06:27:54'),(1282,'AT1419','工地播报通知','2019-04-17 06:27:54'),(1283,'AT1420','新增应聘候选人通知','2019-04-17 06:27:54'),(1284,'AT1421','地铁数据更新提醒','2019-04-17 06:27:54'),(1285,'AT1423','作业结果提醒','2019-04-17 06:27:54'),(1286,'AT1424','客户到达通知','2019-04-17 06:27:54'),(1287,'AT1425','排队暂停通知','2019-04-17 06:27:54'),(1288,'AT1426','排队恢复提醒','2019-04-17 06:27:54'),(1289,'AT1427','门店自提到期提醒','2019-04-17 06:27:54'),(1290,'AT1428','延期申请通知','2019-04-17 06:27:54'),(1291,'AT1429','咨询提交成功通知','2019-04-17 06:27:54'),(1292,'AT1430','订单待发货提醒','2019-04-17 06:27:54'),(1293,'AT1431','咨询问题失败通知','2019-04-17 06:27:54'),(1294,'AT1432','信用金降低提醒','2019-04-17 06:27:54'),(1295,'AT1433','打卡挑战成功通知','2019-04-17 06:27:54'),(1296,'AT1434','打卡挑战失败通知','2019-04-17 06:27:54'),(1297,'AT1437','车位放租成功通知','2019-04-17 06:27:54'),(1298,'AT1438','订座成功通知','2019-04-17 06:27:54'),(1299,'AT1439','施工进度提醒','2019-04-17 06:27:54'),(1300,'AT1440','WiFi连接成功通知','2019-04-17 06:27:54'),(1301,'AT1441','就餐提醒','2019-04-17 06:27:54'),(1302,'AT1442','客户来访提醒','2019-04-17 06:27:54'),(1303,'AT1443','视频制作超时通知','2019-04-17 06:27:54'),(1304,'AT1444','实验完成通知','2019-04-17 06:27:55'),(1305,'AT1445','订单未填地址通知','2019-04-17 06:27:55'),(1306,'AT1446','学生作业检查提醒','2019-04-17 06:27:55'),(1307,'AT1447','关闭线索通知','2019-04-17 06:27:55'),(1308,'AT1448','更换销售顾问通知','2019-04-17 06:27:55'),(1309,'AT1449','工单完成通知','2019-04-17 06:27:55'),(1310,'AT1450','体测报告生成通知','2019-04-17 06:27:55'),(1311,'AT1451','取酒成功通知','2019-04-17 06:27:55'),(1312,'AT1452','组队取消通知','2019-04-17 06:27:55'),(1313,'AT1453','寄存到期提醒','2019-04-17 06:27:55'),(1314,'AT1455','职位评论通知','2019-04-17 06:27:55'),(1315,'AT1456','确认工作通知','2019-04-17 06:27:55'),(1316,'AT1457','督办接收通知','2019-04-17 06:27:55'),(1317,'AT1458','宣讲会开始通知','2019-04-17 06:27:55'),(1318,'AT1460','目标创建成功通知','2019-04-17 06:27:55'),(1319,'AT1461','面试邀请通知','2019-04-17 06:27:55'),(1320,'AT1462','产品到期通知','2019-04-17 06:27:55'),(1321,'AT1463','题目生成通知','2019-04-17 06:27:55'),(1322,'AT1464','订单存入通知','2019-04-17 06:27:55'),(1323,'AT1465','车辆驶入提醒','2019-04-17 06:27:55'),(1324,'AT1466','出警通知','2019-04-17 06:27:55'),(1325,'AT1467','问答完成通知','2019-04-17 06:27:55'),(1326,'AT1468','换货申请通知','2019-04-17 06:27:55'),(1327,'AT1469','选课成功通知','2019-04-17 06:27:55'),(1328,'AT1470','报修成功通知','2019-04-17 06:27:55'),(1329,'AT1471','招聘会启动通知','2019-04-17 06:27:55'),(1330,'AT1472','商品安全提醒','2019-04-17 06:27:55'),(1331,'AT1473','客户到访通知','2019-04-17 06:27:55'),(1332,'AT1474','邀请成功通知','2019-04-17 06:27:55'),(1333,'AT1475','充值到账通知','2019-04-17 06:27:55'),(1334,'AT1476','孕期提醒','2019-04-17 06:27:55'),(1335,'AT1477','调班申请通知','2019-04-17 06:27:55'),(1336,'AT1478','出单成功提醒','2019-04-17 06:27:55'),(1337,'AT1479','同意取消订单通知','2019-04-17 06:27:55'),(1338,'AT1480','字号核准通知','2019-04-17 06:27:55'),(1339,'AT1481','报名审核通知','2019-04-17 06:27:55'),(1340,'AT1482','订单未支付通知','2019-04-17 06:27:55'),(1341,'AT1483','车牌被抓通知','2019-04-17 06:27:56'),(1342,'AT1484','来电未接提醒','2019-04-17 06:27:56'),(1343,'AT1485','驾驶行为通知','2019-04-17 06:27:56'),(1344,'AT1486','招聘协作提醒','2019-04-17 06:27:56'),(1345,'AT1487','排班表发布通知','2019-04-17 06:27:56'),(1346,'AT1488','点名未到通知','2019-04-17 06:27:56'),(1347,'AT1489','被选为最佳帮助提醒','2019-04-17 06:27:56'),(1348,'AT1490','被选为热心帮助提醒','2019-04-17 06:27:56'),(1349,'AT1491','相册被提取通知','2019-04-17 06:27:56'),(1350,'AT1493','目标被支持提醒','2019-04-17 06:27:56'),(1351,'AT1494','心愿实现通知','2019-04-17 06:27:56'),(1352,'AT1495','四六级成绩通知','2019-04-17 06:27:56'),(1353,'AT1496','打卡金额退回通知','2019-04-17 06:27:56'),(1354,'AT1497','已关注的汽车降价提醒','2019-04-17 06:27:56'),(1355,'AT1498','索取发票通知','2019-04-17 06:27:56'),(1356,'AT1499','目录解散通知','2019-04-17 06:27:56'),(1357,'AT1500','拒绝申请通知','2019-04-17 06:27:56'),(1358,'AT1501','销售经理变更通知','2019-04-17 06:27:56'),(1359,'AT1502','运营情况通知','2019-04-17 06:27:56'),(1360,'AT1503','订单失效通知','2019-04-17 06:27:56'),(1361,'AT1504','工单派工通知','2019-04-17 06:27:56'),(1362,'AT1505','交通事故调解协议签署通知','2019-04-17 06:27:56'),(1363,'AT1506','伤者电子调解协议签署通知','2019-04-17 06:27:56'),(1364,'AT1507','好友接受邀请通知','2019-04-17 06:27:56'),(1365,'AT1508','好友目标达成通知','2019-04-17 06:27:56'),(1366,'AT1509','订单取消失败通知','2019-04-17 06:27:56'),(1367,'AT1510','收到询价通知','2019-04-17 06:27:56'),(1368,'AT1511','课程已被购买通知','2019-04-17 06:27:56'),(1369,'AT1512','留言提交成功通知','2019-04-17 06:27:56'),(1370,'AT1513','竞猜成功通知','2019-04-17 06:27:56'),(1371,'AT1514','群主变更通知','2019-04-17 06:27:56'),(1372,'AT1515','投件成功通知','2019-04-17 06:27:56'),(1373,'AT1516','位置上报通知','2019-04-17 06:27:56'),(1374,'AT1517','答题结果通知','2019-04-17 06:27:56'),(1375,'AT1518','估价师回价通知','2019-04-17 06:27:56'),(1376,'AT1520','服务派工提醒','2019-04-17 06:27:56'),(1377,'AT1521','见证成功通知','2019-04-17 06:27:56'),(1378,'AT1522','合作取消通知','2019-04-17 06:27:56'),(1379,'AT1523','验证结果通知','2019-04-17 06:27:56'),(1380,'AT1524','故事被赞通知','2019-04-17 06:27:56'),(1381,'AT1525','方案反馈通知','2019-04-17 06:27:57'),(1382,'AT1526','谜面生成通知','2019-04-17 06:27:57'),(1383,'AT1527','信用账户额度提醒','2019-04-17 06:27:57'),(1384,'AT1528','礼品卡回退通知','2019-04-17 06:27:57'),(1385,'AT1529','垃圾分类回收通知','2019-04-17 06:27:57'),(1386,'AT1530','手机号申请交换通知','2019-04-17 06:27:57'),(1387,'AT1531','内容删除通知','2019-04-17 06:27:57'),(1388,'AT1532','环境指标合格通知','2019-04-17 06:27:57'),(1389,'AT1534','授权取消通知','2019-04-17 06:27:57'),(1390,'AT1535','开票申请驳回通知','2019-04-17 06:27:57'),(1391,'AT1536','考题测试结束通知','2019-04-17 06:27:57'),(1392,'AT1537','生成对联成功通知','2019-04-17 06:27:57'),(1393,'AT1538','订单即将过期提醒','2019-04-17 06:27:57'),(1394,'AT1539','学习进度通知','2019-04-17 06:27:57'),(1395,'AT1540','足迹创建成功通知','2019-04-17 06:27:57'),(1396,'AT1542','装修竣工通知','2019-04-17 06:27:57'),(1397,'AT1543','现场取票提醒','2019-04-17 06:27:57'),(1398,'AT1544','答题结束提醒','2019-04-17 06:27:57'),(1399,'AT1545','临时停车通知','2019-04-17 06:27:57'),(1400,'AT1546','预防针接种通知','2019-04-17 06:27:57'),(1401,'AT1547','学习排名变化通知','2019-04-17 06:27:57'),(1402,'AT1548','约会申请通知','2019-04-17 06:27:57'),(1403,'AT1550','心愿达成通知','2019-04-17 06:27:57'),(1404,'AT1551','寄递信息修改通知','2019-04-17 06:27:57'),(1405,'AT1552','删除成员成功通知','2019-04-17 06:27:57'),(1406,'AT1553','删除智能锁成功通知','2019-04-17 06:27:57'),(1407,'AT1554','打款通知','2019-04-17 06:27:57'),(1408,'AT1555','禁止时段提醒','2019-04-17 06:27:57'),(1409,'AT1556','收款成功通知','2019-04-17 06:27:57'),(1410,'AT1557','乘车提醒','2019-04-17 06:27:57'),(1411,'AT1558','押金缴纳成功通知','2019-04-17 06:27:57'),(1412,'AT1559','激活失败通知','2019-04-17 06:27:57'),(1413,'AT1560','试音结束通知','2019-04-17 06:27:57'),(1414,'AT1561','解除关系成功通知','2019-04-17 06:27:57'),(1415,'AT1562','饮食点评通知','2019-04-17 06:27:57'),(1416,'AT1563','招聘动态提醒','2019-04-17 06:27:57'),(1417,'AT1564','漏单提醒','2019-04-17 06:27:57'),(1418,'AT1565','作品生成通知','2019-04-17 06:27:57'),(1419,'AT1566','娃娃机抓取成功通知','2019-04-17 06:27:57'),(1420,'AT1567','健康评估报告生成通知','2019-04-17 06:27:57'),(1421,'AT1568','竞猜失败通知','2019-04-17 06:27:58'),(1422,'AT1569','设计方案确认提醒','2019-04-17 06:27:58'),(1423,'AT1570','店铺违规处理通知','2019-04-17 06:27:58'),(1424,'AT1571','闯关成功通知','2019-04-17 06:27:58'),(1425,'AT1572','预约发货通知','2019-04-17 06:27:58'),(1426,'AT1573','定制方案完成通知','2019-04-17 06:27:58'),(1427,'AT1574','已关注问题回复提醒','2019-04-17 06:27:58'),(1428,'AT1575','报名申请提交通知','2019-04-17 06:27:58'),(1429,'AT1576','教室使用结束提醒','2019-04-17 06:27:58'),(1430,'AT1577','订单退回通知','2019-04-17 06:27:58'),(1431,'AT1578','物品被捡到通知','2019-04-17 06:27:58'),(1432,'AT1579','打印失败通知','2019-04-17 06:27:58'),(1433,'AT1580','打印成功通知','2019-04-17 06:27:58'),(1434,'AT1581','提现到帐通知','2019-04-17 06:27:58'),(1435,'AT1582','退货审核通知','2019-04-17 06:27:58'),(1436,'AT1583','高速入站通知','2019-04-17 06:27:58'),(1437,'AT1584','图书超额借阅通知','2019-04-17 06:27:58'),(1438,'AT1585','定制师指派成功通知','2019-04-17 06:27:58'),(1439,'AT1586','打赏完成通知','2019-04-17 06:27:58'),(1440,'AT1587','退班审批提醒','2019-04-17 06:27:58'),(1441,'AT1588','申请撤回通知','2019-04-17 06:27:58'),(1442,'AT1589','送养审核通知','2019-04-17 06:27:58'),(1443,'AT1590','设计方案完成通知','2019-04-17 06:27:58'),(1444,'AT1591','作品提交成功通知','2019-04-17 06:27:58'),(1445,'AT1592','砍价失败通知','2019-04-17 06:27:58'),(1446,'AT1594','赛事创建成功通知','2019-04-17 06:27:58'),(1447,'AT1596','提问即将失效提醒','2019-04-17 06:27:58'),(1448,'AT1597','测试结果通知','2019-04-17 06:27:58'),(1449,'AT1598','机器恢复正常通知','2019-04-17 06:27:58'),(1450,'AT1599','配色方案生成通知','2019-04-17 06:27:58'),(1451,'AT1600','好友位置提醒','2019-04-17 06:27:58'),(1452,'AT1601','导师点评通知','2019-04-17 06:27:58'),(1453,'AT1602','拍卖即将结束通知','2019-04-17 06:27:58'),(1454,'AT1603','取消黑名单通知','2019-04-17 06:27:58'),(1455,'AT1604','推荐为佳作通知','2019-04-17 06:27:58'),(1456,'AT1605','订单即将结束通知','2019-04-17 06:27:58'),(1457,'AT1606','核票成功提醒','2019-04-17 06:27:58'),(1458,'AT1607','已安排顾问上门服务提醒','2019-04-17 06:27:59'),(1459,'AT1608','学生请求点评通知','2019-04-17 06:27:59'),(1460,'AT1609','已收到打款通知','2019-04-17 06:27:59'),(1461,'AT1610','已背书通知','2019-04-17 06:27:59'),(1462,'AT1611','紧急移车通知','2019-04-17 06:27:59'),(1463,'AT1612','未收到打款通知','2019-04-17 06:27:59'),(1464,'AT1614','目标收益达到提醒','2019-04-17 06:27:59'),(1465,'AT1615','零钱入账通知','2019-04-17 06:27:59'),(1466,'AT1616','订单数据待上传提醒','2019-04-17 06:27:59'),(1467,'AT1617','教师入班申请提醒','2019-04-17 06:27:59'),(1468,'AT1618','系统派车成功通知','2019-04-17 06:27:59'),(1469,'AT1619','程序异常通知','2019-04-17 06:27:59'),(1470,'AT1620','贴罚单提醒','2019-04-17 06:27:59'),(1471,'AT1621','反馈提交成功通知','2019-04-17 06:27:59'),(1472,'AT1622','退款状态通知','2019-04-17 06:27:59'),(1473,'AT1623','转院申请结果通知','2019-04-17 06:27:59'),(1474,'AT1624','留学申请状态变更通知','2019-04-17 06:27:59'),(1475,'AT1625','报表生成通知','2019-04-17 06:27:59'),(1476,'AT1626','访客到访通知','2019-04-17 06:27:59'),(1477,'AT1627','课程延期通知','2019-04-17 06:27:59'),(1478,'AT1628','申请配送提醒','2019-04-17 06:27:59'),(1479,'AT1629','会议室申请通知','2019-04-17 06:27:59'),(1480,'AT1630','淘汰通知','2019-04-17 06:27:59'),(1481,'AT1631','新应聘通知','2019-04-17 06:27:59'),(1482,'AT1632','问题处理通知','2019-04-17 06:27:59'),(1483,'AT1634','会议室审核通知','2019-04-17 06:27:59'),(1484,'AT1636','会议取消通知','2019-04-17 06:27:59'),(1485,'AT1637','充电宝丢失通知','2019-04-17 06:27:59'),(1486,'AT1638','游戏结果通知','2019-04-17 06:27:59'),(1487,'AT1639','今日成绩通知','2019-04-17 06:27:59'),(1488,'AT1640','学生到校通知','2019-04-17 06:27:59'),(1489,'AT1641','下级升级通知','2019-04-17 06:27:59'),(1490,'AT1642','照片得分提醒','2019-04-17 06:27:59'),(1491,'AT1643','图书待收货通知','2019-04-17 06:27:59'),(1492,'AT1644','会议资料下发通知','2019-04-17 06:27:59'),(1493,'AT1645','车主认证申请通知','2019-04-17 06:27:59'),(1494,'AT1646','车友编号申请通知','2019-04-17 06:27:59'),(1495,'AT1647','今日定课完成情况通知','2019-04-17 06:27:59'),(1496,'AT1648','快件取件通知','2019-04-17 06:27:59'),(1497,'AT1649','取件成功通知','2019-04-17 06:27:59'),(1498,'AT1650','结算完成通知','2019-04-17 06:27:59'),(1499,'AT1651','账号审核通知','2019-04-17 06:27:59'),(1500,'AT1652','提现审核通知','2019-04-17 06:27:59'),(1501,'AT1653','查勘完成提醒','2019-04-17 06:28:00'),(1502,'AT1654','停车扣费通知','2019-04-17 06:28:00'),(1503,'AT1655','申请物料下载通知','2019-04-17 06:28:00'),(1504,'AT1656','报障信息通知','2019-04-17 06:28:00'),(1505,'AT1657','已订阅汽车新到通知','2019-04-17 06:28:00'),(1506,'AT1658','订单验收失败通知','2019-04-17 06:28:00'),(1507,'AT1659','提前续费通知','2019-04-17 06:28:00'),(1508,'AT1660','租赁结果通知','2019-04-17 06:28:00'),(1509,'AT1661','双选会通知','2019-04-17 06:28:00'),(1510,'AT1662','预定变更提醒','2019-04-17 06:28:00'),(1511,'AT1663','码单调整通知','2019-04-17 06:28:00'),(1512,'AT1664','值机提醒','2019-04-17 06:28:00'),(1513,'AT1665','微黄金账户升级成功通知','2019-04-17 06:28:00'),(1514,'AT1666','微黄金账户升级失败通知','2019-04-17 06:28:00'),(1515,'AT1667','下车提醒','2019-04-17 06:28:00'),(1516,'AT1668','水电账单通知','2019-04-17 06:28:00'),(1517,'AT1669','延长收货申请提醒','2019-04-17 06:28:00'),(1518,'AT1670','寄存状态提醒','2019-04-17 06:28:00'),(1519,'AT1671','企业宣讲通知','2019-04-17 06:28:00'),(1520,'AT1672','上车提醒','2019-04-17 06:28:00'),(1521,'AT1673','待处理订单提醒','2019-04-17 06:28:00'),(1522,'AT1674','委托单修改通知','2019-04-17 06:28:00'),(1523,'AT1675','下单结果通知','2019-04-17 06:28:00'),(1524,'AT1676','陪诊护士指派成功通知','2019-04-17 06:28:00'),(1525,'AT1677','剧本被演绎通知','2019-04-17 06:28:00'),(1526,'AT1678','数据中断通知','2019-04-17 06:28:00'),(1527,'AT1679','拒绝录用通知','2019-04-17 06:28:00'),(1528,'AT1680','纠错结果通知','2019-04-17 06:28:00'),(1529,'AT1681','称重结果通知','2019-04-17 06:28:00'),(1530,'AT1682','职位过期提醒','2019-04-17 06:28:01'),(1531,'AT1683','个人信息修改成功通知','2019-04-17 06:28:01'),(1532,'AT1684','电子发票余票不足提醒','2019-04-17 06:28:01'),(1533,'AT1685','流量退回通知','2019-04-17 06:28:01'),(1534,'AT1686','增加远程成功通知','2019-04-17 06:28:01'),(1535,'AT1687','申请取消通知','2019-04-17 06:28:01'),(1536,'AT1688','违规删除通知','2019-04-17 06:28:01'),(1537,'AT1689','组局结果通知','2019-04-17 06:28:01'),(1538,'AT1690','投递企业查看提醒','2019-04-17 06:28:01'),(1539,'AT1691','注册审核通知','2019-04-17 06:28:01'),(1540,'AT1692','数据恢复通知','2019-04-17 06:28:01'),(1541,'AT1693','骑行状态通知','2019-04-17 06:28:01'),(1542,'AT1694','启动充电失败通知','2019-04-17 06:28:01'),(1543,'AT1695','下次透析提醒','2019-04-17 06:28:01'),(1544,'AT1696','工单受理通知','2019-04-17 06:28:01'),(1545,'AT1697','核保失败通知','2019-04-17 06:28:01'),(1546,'AT1698','检修状态更新通知','2019-04-17 06:28:01'),(1547,'AT1699','作业提交提醒','2019-04-17 06:28:01'),(1548,'AT1700','票据开具成功通知','2019-04-17 06:28:01'),(1549,'AT1701','作品分析完成通知','2019-04-17 06:28:01'),(1550,'AT1703','商家确认通知','2019-04-17 06:28:01'),(1551,'AT1704','销假成功通知','2019-04-17 06:28:01'),(1552,'AT1705','评审结果通知','2019-04-17 06:28:01'),(1553,'AT1706','存件成功通知','2019-04-17 06:28:01'),(1554,'AT1707','充值结果通知','2019-04-17 06:28:01'),(1555,'AT1708','海关申报成功通知','2019-04-17 06:28:01'),(1556,'AT1709','申请入驻审核结果通知','2019-04-17 06:28:01'),(1557,'AT1710','文件保存成功通知','2019-04-17 06:28:01'),(1558,'AT1711','应用下载完成通知','2019-04-17 06:28:01'),(1559,'AT1712','寄件通知','2019-04-17 06:28:01'),(1560,'AT1713','揽件成功通知','2019-04-17 06:28:01'),(1561,'AT1714','寄件成功通知','2019-04-17 06:28:02'),(1562,'AT1715','需求人数达成提醒','2019-04-17 06:28:02'),(1563,'AT1716','订单签收通知','2019-04-17 06:28:02'),(1564,'AT1717','故障回复通知','2019-04-17 06:28:02'),(1565,'AT1719','班车冻结提醒','2019-04-17 06:28:02'),(1566,'AT1720','验票超时提醒','2019-04-17 06:28:02'),(1567,'AT1721','投递结果通知','2019-04-17 06:28:02'),(1568,'AT1722','委托结果通知','2019-04-17 06:28:02'),(1569,'AT1724','观影评论通知','2019-04-17 06:28:02'),(1570,'AT1725','应聘当选通知','2019-04-17 06:28:02'),(1571,'AT1726','应聘落选通知','2019-04-17 06:28:02'),(1572,'AT1727','账单添加成功提醒','2019-04-17 06:28:02'),(1573,'AT1728','取车通知','2019-04-17 06:28:02'),(1574,'AT1729','兼职录取未通过提醒','2019-04-17 06:28:02'),(1575,'AT1730','兼职录取成功通知','2019-04-17 06:28:02'),(1576,'AT1731','机台成绩结果通知','2019-04-17 06:28:02'),(1577,'AT1732','文章驳回通知','2019-04-17 06:28:02'),(1578,'AT1733','快递员分配通知','2019-04-17 06:28:02'),(1579,'AT1734','排班调整通知','2019-04-17 06:28:02'),(1580,'AT1735','接送通知','2019-04-17 06:28:02'),(1581,'AT1736','约拍请求成功通知','2019-04-17 06:28:02'),(1582,'AT1737','审核拒绝通知','2019-04-17 06:28:02'),(1583,'AT1738','点评结果通知','2019-04-17 06:28:02'),(1584,'AT1739','订单已切换提醒','2019-04-17 06:28:02'),(1585,'AT1740','记录添加成功提醒','2019-04-17 06:28:02'),(1586,'AT1741','工单超时通知','2019-04-17 06:28:02'),(1587,'AT1742','删除经纪人通知','2019-04-17 06:28:02'),(1588,'AT1743','回帖被采纳提醒','2019-04-17 06:28:02'),(1589,'AT1744','工单申请通知','2019-04-17 06:28:02'),(1590,'AT1745','车辆送还提醒','2019-04-17 06:28:02'),(1591,'AT1746','缴款成功通知','2019-04-17 06:28:02'),(1592,'AT1747','问题评价提醒','2019-04-17 06:28:02'),(1593,'AT1748','家长求助通知','2019-04-17 06:28:02'),(1594,'AT1749','经期提醒','2019-04-17 06:28:02'),(1595,'AT1750','图片入选通知','2019-04-17 06:28:02'),(1596,'AT1751','转介客户被接收通知','2019-04-17 06:28:02'),(1597,'AT1752','鉴定已接单提醒','2019-04-17 06:28:02'),(1598,'AT1753','密码重置通知','2019-04-17 06:28:02'),(1599,'AT1754','鉴定完成通知','2019-04-17 06:28:02'),(1600,'AT1755','鉴定进度通知','2019-04-17 06:28:02'),(1601,'AT1756','见面取消通知','2019-04-17 06:28:03'),(1602,'AT1758','提取码通知','2019-04-17 06:28:03'),(1603,'AT1759','咨询师回复通知','2019-04-17 06:28:03'),(1604,'AT1760','设备配送通知','2019-04-17 06:28:03'),(1605,'AT1761','预算超支提醒','2019-04-17 06:28:03'),(1606,'AT1762','营养师回复通知','2019-04-17 06:28:03'),(1607,'AT1763','设备删除通知','2019-04-17 06:28:03'),(1608,'AT1764','学生在校表现通知','2019-04-17 06:28:03'),(1609,'AT1765','闪赔协议书确认通知','2019-04-17 06:28:03'),(1610,'AT1766','缴款失败通知','2019-04-17 06:28:03'),(1611,'AT1767','转正申请通知','2019-04-17 06:28:03'),(1612,'AT1768','岗位变更申请通知','2019-04-17 06:28:03'),(1613,'AT1769','内容被加精通知','2019-04-17 06:28:03'),(1614,'AT1770','商家拒绝接单通知','2019-04-17 06:28:03'),(1615,'AT1771','快递单号补充提醒','2019-04-17 06:28:03'),(1616,'AT1772','火情报警通知','2019-04-17 06:28:03'),(1617,'AT1773','保额变动通知','2019-04-17 06:28:03'),(1618,'AT1774','车源审核通知','2019-04-17 06:28:03'),(1619,'AT1775','失物招领进度通知','2019-04-17 06:28:03'),(1620,'AT1776','职位审核通过提醒','2019-04-17 06:28:03'),(1621,'AT1777','审批结果通知','2019-04-17 06:28:03'),(1622,'AT1778','申请提交成功通知','2019-04-17 06:28:03'),(1623,'AT1779','服务等候提醒','2019-04-17 06:28:03'),(1624,'AT1780','简历推荐成功提醒','2019-04-17 06:28:03'),(1625,'AT1781','招聘进度通知','2019-04-17 06:28:03'),(1626,'AT1782','订单出库通知','2019-04-17 06:28:03'),(1627,'AT1783','试音被购买通知 ','2019-04-17 06:28:03'),(1628,'AT1784','移出跑团通知','2019-04-17 06:28:03'),(1629,'AT1785','病例咨询拒绝通知','2019-04-17 06:28:03'),(1630,'AT1786','学生接送通知','2019-04-17 06:28:03'),(1631,'AT1787','学生急症通知','2019-04-17 06:28:03'),(1632,'AT1788','维修拒绝通知','2019-04-17 06:28:03'),(1633,'AT1789','医生停诊通知','2019-04-17 06:28:03'),(1634,'AT1790','加油成功通知','2019-04-17 06:28:03'),(1635,'AT1791','消耗课时通知','2019-04-17 06:28:03'),(1636,'AT1792','确认设备配送时间提醒','2019-04-17 06:28:03'),(1637,'AT1793','等待医生回复提醒','2019-04-17 06:28:03'),(1638,'AT1794','等待医生回电通知','2019-04-17 06:28:03'),(1639,'AT1795','车票购买未赠送通知','2019-04-17 06:28:03'),(1640,'AT1796','篮球组局成功通知','2019-04-17 06:28:03'),(1641,'AT1797','社保服务开通成功提醒','2019-04-17 06:28:04'),(1642,'AT1798','借条确认通知','2019-04-17 06:28:04'),(1643,'AT1799','习题讲解完成通知','2019-04-17 06:28:04'),(1644,'AT1800','退房提醒','2019-04-17 06:28:04'),(1645,'AT1801','车票领取完毕通知','2019-04-17 06:28:04'),(1646,'AT1802','临时取物通知','2019-04-17 06:28:04'),(1647,'AT1804','保额领取结果通知','2019-04-17 06:28:04'),(1648,'AT1805','车辆进店提醒','2019-04-17 06:28:04'),(1649,'AT1806','客户服务反馈通知','2019-04-17 06:28:04'),(1650,'AT1807','投标结果通知','2019-04-17 06:28:04'),(1651,'AT1808','入库申请通知','2019-04-17 06:28:04'),(1652,'AT1809','座位预约成功提醒','2019-04-17 06:28:04'),(1653,'AT1810','密码删除通知','2019-04-17 06:28:04'),(1654,'AT1811','调退课成功提醒','2019-04-17 06:28:04'),(1655,'AT1812','车辆改派提醒','2019-04-17 06:28:04'),(1656,'AT1813','方案采用通知','2019-04-17 06:28:04'),(1657,'AT1814','拼团结果通知','2019-04-17 06:28:04'),(1658,'AT1815','培训通知','2019-04-17 06:28:04'),(1659,'AT1816','咖啡制作延后提醒','2019-04-17 06:28:04'),(1660,'AT1817','课程完成通知','2019-04-17 06:28:04'),(1661,'AT1818','快巴到站提醒','2019-04-17 06:28:04'),(1662,'AT1819','取错商品通知','2019-04-17 06:28:04'),(1663,'AT1820','预支成功通知','2019-04-17 06:28:04'),(1664,'AT1821','预支失败通知','2019-04-17 06:28:04'),(1665,'AT1822','取消登记预约通知','2019-04-17 06:28:04'),(1666,'AT1823','人脸识别成功通知','2019-04-17 06:28:04'),(1667,'AT1824','核销失败通知','2019-04-17 06:28:04'),(1668,'AT1825','存酒结果通知','2019-04-17 06:28:04'),(1669,'AT1826','投诉申请受理结果通知','2019-04-17 06:28:04'),(1670,'AT1827','投诉材料补全通知','2019-04-17 06:28:05'),(1671,'AT1828','运动结束通知','2019-04-17 06:28:05'),(1672,'AT1829','工时上报提醒','2019-04-17 06:28:05'),(1673,'AT1830','工作交接提醒','2019-04-17 06:28:05'),(1674,'AT1831','服务暂停通知','2019-04-17 06:28:05'),(1675,'AT1832','投资人约见提醒','2019-04-17 06:28:05'),(1676,'AT1833','读者卡办理成功通知','2019-04-17 06:28:05'),(1677,'AT1834','检测编号获取通知','2019-04-17 06:28:05'),(1678,'AT1835','服务开始提醒','2019-04-17 06:28:05'),(1679,'AT1836','作品获得评分提醒','2019-04-17 06:28:05'),(1680,'AT1837','实名认证审核通知','2019-04-17 06:28:05'),(1681,'AT1838','退出成功提醒','2019-04-17 06:28:05'),(1682,'AT1839','交易结果提醒','2019-04-17 06:28:05'),(1683,'AT1840','核赔通过提醒','2019-04-17 06:28:05'),(1684,'AT1841','资料审核提醒','2019-04-17 06:28:05'),(1685,'AT1842','秒杀失败通知','2019-04-17 06:28:05'),(1686,'AT1844','问题咨询处理通知','2019-04-17 06:28:05'),(1687,'AT1845','K歌大赛最终排名提醒','2019-04-17 06:28:05'),(1688,'AT1846','应聘职位确认提醒','2019-04-17 06:28:05'),(1689,'AT1847','约见已确认通知','2019-04-17 06:28:05'),(1690,'AT1848','空气重度污染提醒','2019-04-17 06:28:05'),(1691,'AT1849','失物认领提醒','2019-04-17 06:28:05'),(1692,'AT1850','投诉申请转办通知','2019-04-17 06:28:05'),(1693,'AT1851','测评审核结果通知','2019-04-17 06:28:05'),(1694,'AT1852','违章处理结果通知','2019-04-17 06:28:05'),(1695,'AT1853','配送完成通知','2019-04-17 06:28:05'),(1696,'AT1854','收到投诉提醒','2019-04-17 06:28:05'),(1697,'AT1855','发票代开受理通知','2019-04-17 06:28:05'),(1698,'AT1856','发票代开待支付通知','2019-04-17 06:28:05'),(1699,'AT1857','发票代开审核失败通知','2019-04-17 06:28:05'),(1700,'AT1858','礼品退回通知','2019-04-17 06:28:05'),(1701,'AT1859','作业交齐通知','2019-04-17 06:28:06'),(1702,'AT1860','填报工作时间通知','2019-04-17 06:28:06'),(1703,'AT1861','排班确认通知','2019-04-17 06:28:06'),(1704,'AT1862','新增客户成功通知','2019-04-17 06:28:06'),(1705,'AT1864','药品出库通知','2019-04-17 06:28:06'),(1706,'AT1865','保养状态变更提醒','2019-04-17 06:28:06'),(1707,'AT1866','邀请退回提醒','2019-04-17 06:28:06'),(1708,'AT1867','订单备货通知','2019-04-17 06:28:06'),(1709,'AT1868','订单指派成功通知','2019-04-17 06:28:06'),(1710,'AT1869','收到待回价项目提醒','2019-04-17 06:28:06'),(1711,'AT1870','作业到期通知','2019-04-17 06:28:06'),(1712,'AT1871','签到失败通知','2019-04-17 06:28:06'),(1713,'AT1872','报备审核通知','2019-04-17 06:28:06'),(1714,'AT1873','后台信息异常通知','2019-04-17 06:28:06'),(1715,'AT1874','报价已查阅通知','2019-04-17 06:28:06'),(1716,'AT1875','开票失败通知','2019-04-17 06:28:06'),(1717,'AT1876','产检提醒','2019-04-17 06:28:06'),(1718,'AT1877','新增联系人成功通知','2019-04-17 06:28:06'),(1719,'AT1878','接诊结果通知','2019-04-17 06:28:06'),(1720,'AT1879','保单失效通知','2019-04-17 06:28:06'),(1721,'AT1880','座位自动释放通知','2019-04-17 06:28:06'),(1722,'AT1881','座位状态变化通知','2019-04-17 06:28:06'),(1723,'AT1882','订单跟进通知','2019-04-17 06:28:06'),(1724,'AT1883','订单分缸提醒','2019-04-17 06:28:06'),(1725,'AT1884','订单捆绑成功通知','2019-04-17 06:28:06'),(1726,'AT1885','车载进度通知','2019-04-17 06:28:06'),(1727,'AT1886','上传行程截图通知','2019-04-17 06:28:06'),(1728,'AT1887','订单分拆付款通知','2019-04-17 06:28:06'),(1729,'AT1888','会员卡共享解除通知','2019-04-17 06:28:06'),(1730,'AT1889','订单添加成功通知','2019-04-17 06:28:06'),(1731,'AT1890','刷码异常提醒','2019-04-17 06:28:06'),(1732,'AT1891','预约确认通知','2019-04-17 06:28:06'),(1733,'AT1892','证书过期提醒','2019-04-17 06:28:06'),(1734,'AT1893','支付超时提醒','2019-04-17 06:28:06'),(1735,'AT1894','借还图书成功提醒','2019-04-17 06:28:06'),(1736,'AT1895','高速出站通知','2019-04-17 06:28:06'),(1737,'AT1896','班级成员变更提醒','2019-04-17 06:28:06'),(1738,'AT1897','商品送达通知','2019-04-17 06:28:06'),(1739,'AT1898','绑卡成功通知','2019-04-17 06:28:06'),(1740,'AT1899','绑卡取消通知','2019-04-17 06:28:06'),(1741,'AT1900','核价通过通知','2019-04-17 06:28:07'),(1742,'AT1901','岗位变更提醒','2019-04-17 06:28:07'),(1743,'AT1902','训练计划生成通知','2019-04-17 06:28:07'),(1744,'AT1903','训练目标完成提醒','2019-04-17 06:28:07'),(1745,'AT1904','定损结果通知','2019-04-17 06:28:07'),(1746,'AT1905','扣除余额提醒','2019-04-17 06:28:07'),(1747,'AT1906','查验结果通知','2019-04-17 06:28:07'),(1748,'AT1907','店铺已解绑通知','2019-04-17 06:28:07'),(1749,'AT1908','隐患整改通知','2019-04-17 06:28:07'),(1750,'AT1909','结算单状态变更通知','2019-04-17 06:28:07'),(1751,'AT1910','课程不足提醒','2019-04-17 06:28:07'),(1752,'AT1911','新结算单通知','2019-04-17 06:28:07'),(1753,'AT1912','隐患复查通知','2019-04-17 06:28:07'),(1754,'AT1914','月卡到期提醒','2019-04-17 06:28:07'),(1755,'AT1915','已开始定制生产通知','2019-04-17 06:28:07'),(1756,'AT1916','组队失败通知','2019-04-17 06:28:07'),(1757,'AT1917','转单成功通知','2019-04-17 06:28:07'),(1758,'AT1918','检查报告状态更新通知','2019-04-17 06:28:07'),(1759,'AT1919','签单成功通知','2019-04-17 06:28:07'),(1760,'AT1920','解除封号通知','2019-04-17 06:28:07'),(1761,'AT1921','参赛队友未匹配通知','2019-04-17 06:28:07'),(1762,'AT1922','考勤异常通知','2019-04-17 06:28:07'),(1763,'AT1923','绑卡已申请通知','2019-04-17 06:28:07'),(1764,'AT1924','成绩发布通知','2019-04-17 06:28:07'),(1765,'AT1925','模考成绩通知','2019-04-17 06:28:08'),(1766,'AT1926','理赔审核通知','2019-04-17 06:28:08'),(1767,'AT1927','理赔结案通知','2019-04-17 06:28:08'),(1768,'AT1928','比分结果通知','2019-04-17 06:28:08'),(1769,'AT1929','心电图报告通知','2019-04-17 06:28:08'),(1770,'AT1930','车位被非法占用提醒','2019-04-17 06:28:08'),(1771,'AT1931','用户禁言通知','2019-04-17 06:28:08'),(1772,'AT1932','课程确认成功通知','2019-04-17 06:28:08'),(1773,'AT1933','检测单通知','2019-04-17 06:28:08'),(1774,'AT1934','辅导请求提醒','2019-04-17 06:28:08'),(1775,'AT1936','建档申请状态提醒','2019-04-17 06:28:08'),(1776,'AT1937','催办结果通知','2019-04-17 06:28:08'),(1777,'AT1938','专家评审邀请通知','2019-04-17 06:28:08'),(1778,'AT1939','基金业绩周报提醒','2019-04-17 06:28:08'),(1779,'AT1940','违规处罚通知','2019-04-17 06:28:08'),(1780,'AT1941','借阅审批结果通知','2019-04-17 06:28:08'),(1781,'AT1942','进场协助提醒','2019-04-17 06:28:08'),(1782,'AT1943','离场协助提醒','2019-04-17 06:28:08'),(1783,'AT1944','值机结果通知','2019-04-17 06:28:08'),(1784,'AT1945','地铁到站提醒','2019-04-17 06:28:08'),(1785,'AT1946','邀请访客确认通知','2019-04-17 06:28:08'),(1786,'AT1947','打印机激活成功通知','2019-04-17 06:28:08'),(1787,'AT1948','授权申请反馈通知','2019-04-17 06:28:08'),(1788,'AT1949','申请投递成功通知','2019-04-17 06:28:08'),(1789,'AT1950','家人出入情况通知','2019-04-17 06:28:08'),(1790,'AT1951','作业待订正提醒','2019-04-17 06:28:08'),(1791,'AT1952','离线报修状态提醒','2019-04-17 06:28:08'),(1792,'AT1953','文书电子送达申请通知','2019-04-17 06:28:08'),(1793,'AT1954','注册凭证审核驳回通知','2019-04-17 06:28:08'),(1794,'AT1955','理赔材料提交提醒','2019-04-17 06:28:08'),(1795,'AT1956','体检结果提醒','2019-04-17 06:28:08'),(1796,'AT1957','病案申请关闭通知','2019-04-17 06:28:08'),(1797,'AT1958','病案复印领取通知','2019-04-17 06:28:08'),(1798,'AT1959','病案复印审核结果通知','2019-04-17 06:28:08'),(1799,'AT1960','来访预约成功通知','2019-04-17 06:28:08'),(1800,'AT1961','报修工单通知','2019-04-17 06:28:08'),(1801,'AT1962','测评结果回复通知','2019-04-17 06:28:08'),(1802,'AT1963','注册凭证审核成功通知','2019-04-17 06:28:08'),(1803,'AT1964','文件备份成功通知','2019-04-17 06:28:08'),(1804,'AT1965','租借已抵售通知','2019-04-17 06:28:08'),(1805,'AT1966','会员完善信息成功通知','2019-04-17 06:28:08'),(1806,'AT1967','问题总结进展通知','2019-04-17 06:28:08'),(1807,'AT1968','重新采样通知','2019-04-17 06:28:08'),(1808,'AT1969','辩题结果通知','2019-04-17 06:28:08'),(1809,'AT1970','已取药通知','2019-04-17 06:28:08'),(1810,'AT1971','待接受咨询提醒','2019-04-17 06:28:08'),(1811,'AT1972','就诊评价提醒','2019-04-17 06:28:09'),(1812,'AT1973','病历申请通知','2019-04-17 06:28:09'),(1813,'AT1974','赔付申请通知','2019-04-17 06:28:09'),(1814,'AT1975','取消退货通知','2019-04-17 06:28:09'),(1815,'AT1976','班车预约成功通知','2019-04-17 06:28:09'),(1816,'AT1977','审批评论提醒','2019-04-17 06:28:09'),(1817,'AT1978','包月开通成功通知','2019-04-17 06:28:09'),(1818,'AT1979','客户回款成功通知','2019-04-17 06:28:09'),(1819,'AT1980','车辆出场通知','2019-04-17 06:28:09'),(1820,'AT1981','还款成功通知','2019-04-17 06:28:09'),(1821,'AT1982','订单物流通知','2019-04-17 06:28:09'),(1822,'AT1983','退款拒绝通知','2019-04-17 06:28:09'),(1823,'AT1984','申请取消订单提醒','2019-04-17 06:28:09'),(1824,'AT1986','申请加盟不通过通知','2019-04-17 06:28:09'),(1825,'AT1987','申请加盟成功通知','2019-04-17 06:28:09'),(1826,'AT1988','上课签到完成通知','2019-04-17 06:28:09'),(1827,'AT1989','会议即将结束通知','2019-04-17 06:28:09'),(1828,'AT1990','续课成功提醒','2019-04-17 06:28:09'),(1829,'AT1991','取车完成通知','2019-04-17 06:28:09'),(1830,'AT1992','套餐即将用完提醒','2019-04-17 06:28:09'),(1831,'AT1993','报价更新通知','2019-04-17 06:28:09'),(1832,'AT1994','销货单确认通知','2019-04-17 06:28:09'),(1833,'AT1996','继续计费通知','2019-04-17 06:28:09'),(1834,'AT1997','信用卡还款日提醒','2019-04-17 06:28:09'),(1835,'AT1998','订单终止提醒','2019-04-17 06:28:09'),(1836,'AT1999','订单已过期提醒','2019-04-17 06:28:09'),(1837,'AT2000','重答审核通过提醒','2019-04-17 06:28:09'),(1838,'AT2001','充电桩开电成功通知','2019-04-17 06:28:09'),(1839,'AT2002','导诊完成通知','2019-04-17 06:28:09'),(1840,'AT2003','抢票超时提醒','2019-04-17 06:28:09'),(1841,'AT2004','考核结果通知','2019-04-17 06:28:09'),(1842,'AT2005','套餐已限速提醒','2019-04-17 06:28:09'),(1843,'AT2006','充电暂停通知','2019-04-17 06:28:09'),(1844,'AT2007','参加拼团失败通知','2019-04-17 06:28:09'),(1845,'AT2008','充电继续通知','2019-04-17 06:28:09'),(1846,'AT2009','推荐登记成功通知','2019-04-17 06:28:09'),(1847,'AT2010','销货单发起成功通知','2019-04-17 06:28:09'),(1848,'AT2011','申请配送员审核通知','2019-04-17 06:28:09'),(1849,'AT2012','月收入总计通知','2019-04-17 06:28:09'),(1850,'AT2013','报修完成通知','2019-04-17 06:28:09'),(1851,'AT2014','待问诊患者提醒','2019-04-17 06:28:09'),(1852,'AT2015','烤箱预热完成通知','2019-04-17 06:28:09'),(1853,'AT2016','同意登录通知','2019-04-17 06:28:09'),(1854,'AT2017','安装申请状态提醒','2019-04-17 06:28:09'),(1855,'AT2018','停车费退回通知','2019-04-17 06:28:09'),(1856,'AT2019','套餐办理成功通知','2019-04-17 06:28:09'),(1857,'AT2020','套餐续期成功通知','2019-04-17 06:28:09'),(1858,'AT2021','设备交收单通知','2019-04-17 06:28:09'),(1859,'AT2022','服务技能不匹配提醒','2019-04-17 06:28:09'),(1860,'AT2023','进入电子围栏提醒','2019-04-17 06:28:10'),(1861,'AT2024','离开电子围栏提醒','2019-04-17 06:28:10'),(1862,'AT2025','宠物行踪通知','2019-04-17 06:28:10'),(1863,'AT2026','退款已撤销通知','2019-04-17 06:28:10'),(1864,'AT2027','报名信息提交成功通知','2019-04-17 06:28:10'),(1865,'AT2028','塔机监控违章通知','2019-04-17 06:28:10'),(1866,'AT2029','发票查验结果通知','2019-04-17 06:28:10'),(1867,'AT2030','报销进度通知','2019-04-17 06:28:10'),(1868,'AT2031','客户提交意向单提醒','2019-04-17 06:28:10'),(1869,'AT2032','送达乘客提醒','2019-04-17 06:28:10'),(1870,'AT2033','图片处理完成提醒','2019-04-17 06:28:10'),(1871,'AT2034','取消服务通知','2019-04-17 06:28:10'),(1872,'AT2035','投稿入选通知','2019-04-17 06:28:10'),(1873,'AT2036','认证授权申请状态提醒','2019-04-17 06:28:10'),(1874,'AT2037','中标通知','2019-04-17 06:28:10'),(1875,'AT2038','验货结果通知','2019-04-17 06:28:10'),(1876,'AT2039','咨询回复通知','2019-04-17 06:28:10'),(1877,'AT2040','投诉建议提醒','2019-04-17 06:28:10'),(1878,'AT2041','会员卡绑定成功通知','2019-04-17 06:28:10'),(1879,'AT2042','答案审验结果通知','2019-04-17 06:28:10'),(1880,'AT2043','订单分配门市通知','2019-04-17 06:28:10'),(1881,'AT2044','验货申请通知','2019-04-17 06:28:10'),(1882,'AT2045','新增出价通知','2019-04-17 06:28:10'),(1883,'AT2046','客户咨询通知','2019-04-17 06:28:10'),(1884,'AT2047','货箱交收小票通知','2019-04-17 06:28:10'),(1885,'AT2048','体检预约成功通知','2019-04-17 06:28:10'),(1886,'AT2049','审批转交提醒','2019-04-17 06:28:10'),(1887,'AT2050','停车结束通知','2019-04-17 06:28:10'),(1888,'AT2051','技师已下钟通知','2019-04-17 06:28:10'),(1889,'AT2052','认养成功通知','2019-04-17 06:28:10'),(1890,'AT2053','交易确认通知','2019-04-17 06:28:10'),(1891,'AT2054','报警处理进度通知','2019-04-17 06:28:10'),(1892,'AT2055','修片完成通知','2019-04-17 06:28:10'),(1893,'AT2056','下机成功通知','2019-04-17 06:28:10'),(1894,'AT2057','上机成功通知','2019-04-17 06:28:10'),(1895,'AT2059','立案成功通知','2019-04-17 06:28:10'),(1896,'AT2060','组庭成功通知','2019-04-17 06:28:11'),(1897,'AT2061','客户询价通知','2019-04-17 06:28:11'),(1898,'AT2064','收到家长反馈通知','2019-04-17 06:28:11'),(1899,'AT2065','储物超时通知','2019-04-17 06:28:11'),(1900,'AT2066','取物通知','2019-04-17 06:28:11'),(1901,'AT2067','装车通知','2019-04-17 06:28:11'),(1902,'AT2068','交通设施抢修进度通知','2019-04-17 06:28:11'),(1903,'AT2069','会议确认通知','2019-04-17 06:28:11'),(1904,'AT2070','提货单提醒 ','2019-04-17 06:28:11'),(1905,'AT2072','续费到账通知','2019-04-17 06:28:11'),(1906,'AT2073','预约信息修改通知','2019-04-17 06:28:11'),(1907,'AT2074','会议申请通知','2019-04-17 06:28:11'),(1908,'AT2075','会议修改通知','2019-04-17 06:28:11'),(1909,'AT2076','下注成功提醒','2019-04-17 06:28:11'),(1910,'AT2077','责令限改通知','2019-04-17 06:28:11'),(1911,'AT2079','服务报告查看提醒','2019-04-17 06:28:11'),(1912,'AT2080','开始煎药通知','2019-04-17 06:28:11'),(1913,'AT2081','保证金已转移通知','2019-04-17 06:28:11'),(1914,'AT2082','储物成功通知','2019-04-17 06:28:11'),(1915,'AT2083','停班通知','2019-04-17 06:28:11'),(1916,'AT2084','审批加签提醒','2019-04-17 06:28:11'),(1917,'AT2085','出价被超越通知','2019-04-17 06:28:11'),(1918,'AT2086','骑行数据提醒','2019-04-17 06:28:11'),(1919,'AT2087','预约开户成功通知','2019-04-17 06:28:11'),(1920,'AT2088','缴费异常通知','2019-04-17 06:28:11'),(1921,'AT2089','预约信息修改成功通知','2019-04-17 06:28:11'),(1922,'AT2090','探访开始提醒','2019-04-17 06:28:11'),(1923,'AT2091','工单评价提醒','2019-04-17 06:28:11'),(1924,'AT2092','服务取消通知','2019-04-17 06:28:12'),(1925,'AT2093','客户气体已用完通知','2019-04-17 06:28:12'),(1926,'AT2094','拒绝登陆通知','2019-04-17 06:28:12'),(1927,'AT2095','考试安排通知','2019-04-17 06:28:12'),(1928,'AT2096','球赛下注结果通知','2019-04-17 06:28:12'),(1929,'AT2097','預約成功通知','2019-04-17 06:28:12'),(1930,'AT2098','转餐成功通知','2019-04-17 06:28:12'),(1931,'AT2099','转餐失败通知','2019-04-17 06:28:12'),(1932,'AT2100','爽约判定通知','2019-04-17 06:28:12'),(1933,'AT2101','报考确认提醒','2019-04-17 06:28:12'),(1934,'AT2102','客户投诉通知','2019-04-17 06:28:12'),(1935,'AT2104','问题处理申请通知','2019-04-17 06:28:12'),(1936,'AT2105','年检到期提醒','2019-04-17 06:28:12'),(1937,'AT2106','待采血提醒','2019-04-17 06:28:12'),(1938,'AT2107','拼班成功通知','2019-04-17 06:28:12'),(1939,'AT2108','订单违约通知','2019-04-17 06:28:12'),(1940,'AT2109','违约订单赦免提醒','2019-04-17 06:28:12'),(1941,'AT2110','装车成功通知','2019-04-17 06:28:12'),(1942,'AT2111','取餐成功通知','2019-04-17 06:28:12'),(1943,'AT2112','咨询已被接受通知','2019-04-17 06:28:12'),(1944,'AT2113','咨询已被拒绝通知','2019-04-17 06:28:12'),(1945,'AT2114','入职流程完成通知','2019-04-17 06:28:12'),(1946,'AT2115','通行证审核结果通知','2019-04-17 06:28:12'),(1947,'AT2116','报告生成失败提醒','2019-04-17 06:28:12'),(1948,'AT2117','定金收取成功通知','2019-04-17 06:28:12'),(1949,'AT2118','抽号成功通知','2019-04-17 06:28:12'),(1950,'AT2119','放箱审核通知','2019-04-17 06:28:12'),(1951,'AT2120','司机确认通知','2019-04-17 06:28:12'),(1952,'AT2122','弹奏完成通知','2019-04-17 06:28:12'),(1953,'AT2123','收到报名提交通知','2019-04-17 06:28:12'),(1954,'AT2124','保养到期提醒','2019-04-17 06:28:12'),(1955,'AT2125','被举报通知','2019-04-17 06:28:12'),(1956,'AT2126','车险到期提醒','2019-04-17 06:28:12'),(1957,'AT2127','答题成绩通知','2019-04-17 06:28:12'),(1958,'AT2128','租箱预约成功通知','2019-04-17 06:28:12'),(1959,'AT2129','订单加坯通知','2019-04-17 06:28:12'),(1960,'AT2130','课时结课提醒','2019-04-17 06:28:12'),(1961,'AT2131','租箱预约到期提醒','2019-04-17 06:28:13'),(1962,'AT2132','租箱预约失效提醒','2019-04-17 06:28:13'),(1963,'AT2133','坯布入库通知','2019-04-17 06:28:13'),(1964,'AT2134','评缸完成通知','2019-04-17 06:28:13'),(1965,'AT2135','取消救援提醒','2019-04-17 06:28:13'),(1966,'AT2136','考试结果通知','2019-04-17 06:28:13'),(1967,'AT2137','还款结果通知','2019-04-17 06:28:13'),(1968,'AT2138','放款失败通知','2019-04-17 06:28:13'),(1969,'AT2139','出场结算通知','2019-04-17 06:28:13'),(1970,'AT2140','雇主解雇通知','2019-04-17 06:28:13'),(1971,'AT2141','支出记录通知','2019-04-17 06:28:13'),(1972,'AT2142','收入记录通知','2019-04-17 06:28:13'),(1973,'AT2143','收到答案通知','2019-04-17 06:28:13'),(1974,'AT2144','好友拒绝购买提醒','2019-04-17 06:28:13'),(1975,'AT2145','待处理工单通知','2019-04-17 06:28:13'),(1976,'AT2146','取消换货通知','2019-04-17 06:28:13'),(1977,'AT2147','服务工人变更通知','2019-04-17 06:28:13'),(1978,'AT2148','问题处理结果通知','2019-04-17 06:28:13'),(1979,'AT2149','坯布审核完成通知','2019-04-17 06:28:13'),(1980,'AT2150','课题组加入成功通知','2019-04-17 06:28:13'),(1981,'AT2151','货架取消配送提醒','2019-04-17 06:28:13'),(1982,'AT2152','车位预订成功通知','2019-04-17 06:28:13'),(1983,'AT2154','用户解除禁言通知','2019-04-17 06:28:13'),(1984,'AT2155','药房已接单通知','2019-04-17 06:28:13'),(1985,'AT2156','会议拒绝通知','2019-04-17 06:28:13'),(1986,'AT2157','采购变更提醒','2019-04-17 06:28:13'),(1987,'AT2158','办事预约成功提醒','2019-04-17 06:28:13'),(1988,'AT2160','申述结果通知','2019-04-17 06:28:13'),(1989,'AT2161','设计完成通知','2019-04-17 06:28:13'),(1990,'AT2162','报警确认通知','2019-04-17 06:28:13'),(1991,'AT2163','预约挂号成功通知','2019-04-17 06:28:13'),(1992,'AT2164','挂号失败通知','2019-04-17 06:28:13'),(1993,'AT2165','记账成功通知','2019-04-17 06:28:13'),(1994,'AT2166','导师回复通知','2019-04-17 06:28:13'),(1995,'AT2168','工单审核通知','2019-04-17 06:28:13'),(1996,'AT2169','工单审核通过提醒 ','2019-04-17 06:28:13'),(1997,'AT2170','工单审核未通过提醒 ','2019-04-17 06:28:13'),(1998,'AT2171','账单加入成功通知','2019-04-17 06:28:13'),(1999,'AT2172','借条到期提醒','2019-04-17 06:28:13'),(2000,'AT2173','费用补缴通知','2019-04-17 06:28:13'),(2001,'AT2174','账单结算通知','2019-04-17 06:28:14'),(2002,'AT2175','照片标注完成提醒','2019-04-17 06:28:14'),(2003,'AT2176','资产周报通知','2019-04-17 06:28:14'),(2004,'AT2177','房屋钥匙借记状态通知','2019-04-17 06:28:14'),(2005,'AT2178','训练完成通知','2019-04-17 06:28:14'),(2006,'AT2179','结算成功通知','2019-04-17 06:28:14'),(2007,'AT2180','学生咨询提醒','2019-04-17 06:28:14'),(2008,'AT2181','换货审核结果通知','2019-04-17 06:28:14'),(2009,'AT2182','发布游记成功通知','2019-04-17 06:28:14'),(2010,'AT2183','理财到期提醒','2019-04-17 06:28:14'),(2011,'AT2184','材料审核结果通知','2019-04-17 06:28:14'),(2012,'AT2185','还床成功通知','2019-04-17 06:28:14'),(2013,'AT2186','保单解析成功通知','2019-04-17 06:28:14'),(2014,'AT2187','保单解析失败通知','2019-04-17 06:28:14'),(2015,'AT2188','会员登记成功通知','2019-04-17 06:28:14'),(2016,'AT2189','会员卡激活成功通知','2019-04-17 06:28:14'),(2017,'AT2190','客户求助提醒','2019-04-17 06:28:14'),(2018,'AT2191','订单现勘提醒','2019-04-17 06:28:14'),(2019,'AT2192','合同复核结果通知','2019-04-17 06:28:14'),(2020,'AT2193','设为课题组助理通知','2019-04-17 06:28:14'),(2021,'AT2195','门禁安防访客处理结果通知','2019-04-17 06:28:14'),(2022,'AT2196','验光数据录入成功通知','2019-04-17 06:28:14'),(2023,'AT2197','孩子今日得分通知','2019-04-17 06:28:14'),(2024,'AT2198','订单收货提醒','2019-04-17 06:28:14'),(2025,'AT2202','任务取消通知','2019-04-17 06:28:14'),(2026,'AT2203','会议已接受通知','2019-04-17 06:28:14'),(2027,'AT2204','充电取消提醒','2019-04-17 06:28:14'),(2028,'AT2205','拼车费入账通知','2019-04-17 06:28:14'),(2029,'AT2206','挪车状态提醒','2019-04-17 06:28:14'),(2030,'AT2207','挪车结束提醒','2019-04-17 06:28:14'),(2031,'AT2208','帖子审核通过通知','2019-04-17 06:28:14'),(2032,'AT2209','空运订舱确认通知','2019-04-17 06:28:14'),(2033,'AT2210','挂号受理通知','2019-04-17 06:28:14'),(2034,'AT2211','借床成功通知','2019-04-17 06:28:14'),(2035,'AT2213','车辆即将进行服务通知','2019-04-17 06:28:14'),(2036,'AT2214','订单改派通知','2019-04-17 06:28:14'),(2037,'AT2215','用户来访提醒','2019-04-17 06:28:14'),(2038,'AT2216','检前提醒','2019-04-17 06:28:14'),(2039,'AT2217','复查提醒','2019-04-17 06:28:14'),(2040,'AT2218','调拨成功通知','2019-04-17 06:28:14'),(2041,'AT2219','画作已点评通知','2019-04-17 06:28:15'),(2042,'AT2220','观影提醒','2019-04-17 06:28:15'),(2043,'AT2226','订货成功通知','2019-04-17 06:28:15'),(2044,'AT2227','录取结果通知','2019-04-17 06:28:15'),(2045,'AT2228','账号解锁通知','2019-04-17 06:28:15'),(2046,'AT2229','订单待处理提醒','2019-04-17 06:28:15'),(2047,'AT2230','用户呼叫提醒','2019-04-17 06:28:15'),(2048,'AT2231','电表余额不足提醒','2019-04-17 06:28:15'),(2049,'AT2232','订单到达门店通知','2019-04-17 06:28:15'),(2050,'AT2233','订单送货上门通知','2019-04-17 06:28:15'),(2051,'AT2234','会议报名成功通知','2019-04-17 06:28:15'),(2052,'AT2235','问题状态变更通知','2019-04-17 06:28:15'),(2053,'AT2236','积水提醒','2019-04-17 06:28:15'),(2054,'AT2237','医生已接诊提醒','2019-04-17 06:28:15'),(2055,'AT2238','车位预约结果通知','2019-04-17 06:28:15'),(2056,'AT2239','拒绝面试通知','2019-04-17 06:28:15'),(2057,'AT2240','医生咨询通知','2019-04-17 06:28:15'),(2058,'AT2241','保障续期成功通知','2019-04-17 06:28:15'),(2059,'AT2242','还箱预约成功通知','2019-04-17 06:28:15'),(2060,'AT2243','还箱预约到期提醒','2019-04-17 06:28:15'),(2061,'AT2244','还箱预约失效提醒','2019-04-17 06:28:15'),(2062,'AT2245','转运创建成功通知','2019-04-17 06:28:15'),(2063,'AT2246','服务受理通知','2019-04-17 06:28:15'),(2064,'AT2247','行程定制申请结果通知','2019-04-17 06:28:15'),(2065,'AT2248','导游定制申请结果通知','2019-04-17 06:28:15'),(2066,'AT2249','作品被采纳通知','2019-04-17 06:28:15'),(2067,'AT2250','危急值提醒','2019-04-17 06:28:15'),(2068,'AT2251','作业报告通知','2019-04-17 06:28:15'),(2069,'AT2252','患者异常数据通知','2019-04-17 06:28:15'),(2070,'AT2254','入职确认通知','2019-04-17 06:28:15'),(2071,'AT2255','酒店点评提醒','2019-04-17 06:28:15'),(2072,'AT2256','岗位匹配通知','2019-04-17 06:28:15'),(2073,'AT2257','故障上报成功通知','2019-04-17 06:28:15'),(2074,'AT2258','充电高功率提醒','2019-04-17 06:28:15'),(2075,'AT2259','学生离校通知','2019-04-17 06:28:15'),(2076,'AT2260','组团结果通知','2019-04-17 06:28:15'),(2077,'AT2261','快递收件通知','2019-04-17 06:28:15'),(2078,'AT2262','预借图书成功通知','2019-04-17 06:28:15'),(2079,'AT2263','退票失败通知','2019-04-17 06:28:15'),(2080,'AT2264','刊登结果通知','2019-04-17 06:28:15'),(2081,'AT2265','行业解决方案生成通知','2019-04-17 06:28:16'),(2082,'AT2266','会员卡开通成功通知','2019-04-17 06:28:16'),(2083,'AT2267','转班成功通知','2019-04-17 06:28:16'),(2084,'AT2268','商品被购买通知','2019-04-17 06:28:16'),(2085,'AT2269','检测成绩单生成通知','2019-04-17 06:28:16'),(2086,'AT2270','退款订单提醒','2019-04-17 06:28:16'),(2087,'AT2271','租车申请结果通知','2019-04-17 06:28:16'),(2088,'AT2272','拍卖超价通知','2019-04-17 06:28:16'),(2089,'AT2273','读者人脸信息采集成功通知','2019-04-17 06:28:16'),(2090,'AT2274','图书续借成功通知','2019-04-17 06:28:16'),(2091,'AT2275','名片拒绝交换通知','2019-04-17 06:28:16'),(2092,'AT2276','商标查询结果通知','2019-04-17 06:28:16'),(2093,'AT2277','企业查询结果通知','2019-04-17 06:28:16'),(2094,'AT2278','预约挂号取消通知','2019-04-17 06:28:16'),(2095,'AT2279','预约挂号失败通知','2019-04-17 06:28:16'),(2096,'AT2280','商家拒绝接单通知','2019-04-17 06:28:16'),(2097,'AT2281','流程待审批提醒','2019-04-17 06:28:16'),(2098,'AT2282','学生离校确认通知','2019-04-17 06:28:16'),(2099,'AT2283','置业顾问入驻结果通知','2019-04-17 06:28:16'),(2100,'AT2284','支付异常通知','2019-04-17 06:28:16'),(2101,'AT2285','订单已出保单通知','2019-04-17 06:28:16'),(2102,'AT2286','报价结果通知','2019-04-17 06:28:16'),(2103,'AT2287','帖子被分享通知','2019-04-17 06:28:16'),(2104,'AT2288','检验报告状态通知','2019-04-17 06:28:16'),(2105,'AT2289','套餐购买成功通知','2019-04-17 06:28:16'),(2106,'AT2290','影集制作成功通知','2019-04-17 06:28:16'),(2107,'AT2291','职位被查看通知','2019-04-17 06:28:16'),(2108,'AT2292','监控故障提醒','2019-04-17 06:28:16'),(2109,'AT2293','订单结算通知','2019-04-17 06:28:16'),(2110,'AT2294','订单验收通知','2019-04-17 06:28:16'),(2111,'AT2295','帖子被点赞通知','2019-04-17 06:28:16'),(2112,'AT2296','拒绝入住通知','2019-04-17 06:28:16'),(2113,'AT2297','续费失败通知','2019-04-17 06:28:16'),(2114,'AT2298','审批未通过提醒','2019-04-17 06:28:16'),(2115,'AT2299','问诊拒绝提醒','2019-04-17 06:28:16'),(2116,'AT2300','取消挂号受理通知','2019-04-17 06:28:16'),(2117,'AT2301','挂号取消成功通知','2019-04-17 06:28:16'),(2118,'AT2302','挂号取消失败通知','2019-04-17 06:28:16'),(2119,'AT2303','挂号退费通知','2019-04-17 06:28:16'),(2120,'AT2304','充电桩关闭成功通知','2019-04-17 06:28:16'),(2121,'AT2305','超时退款提醒','2019-04-17 06:28:17'),(2122,'AT2306','住院押金充值受理通知','2019-04-17 06:28:17'),(2123,'AT2307','缴费受理通知','2019-04-17 06:28:17'),(2124,'AT2308','视频调解会议提醒','2019-04-17 06:28:17'),(2125,'AT2309','帖子被置顶通知','2019-04-17 06:28:17'),(2126,'AT2310','帖子被收藏通知','2019-04-17 06:28:17'),(2127,'AT2311','档期添加成功通知','2019-04-17 06:28:17'),(2128,'AT2312','放钓取消通知','2019-04-17 06:28:17'),(2129,'AT2313','估指获得收益通知','2019-04-17 06:28:17'),(2130,'AT2314','租车受理通知','2019-04-17 06:28:17'),(2131,'AT2315','认证已提交通知','2019-04-17 06:28:17'),(2132,'AT2316','入库成功通知','2019-04-17 06:28:17'),(2133,'AT2317','拖车确认通知','2019-04-17 06:28:17'),(2134,'AT2318','汽车票预订成功通知','2019-04-17 06:28:17'),(2135,'AT2319','就诊叫号提醒','2019-04-17 06:28:17'),(2136,'AT2320','配送转交失败提醒','2019-04-17 06:28:17'),(2137,'AT2321','配送转交成功提醒','2019-04-17 06:28:17'),(2138,'AT2322','回执签收提醒','2019-04-17 06:28:17'),(2139,'AT2323','还车失败提醒','2019-04-17 06:28:17'),(2140,'AT2324','临时锁车提醒','2019-04-17 06:28:17'),(2141,'AT2325','道路交通事故认定书通知','2019-04-17 06:28:17'),(2142,'AT2326','配送转交提醒','2019-04-17 06:28:17'),(2143,'AT2327','案件调度通知','2019-04-17 06:28:17'),(2144,'AT2328','案件指派通知','2019-04-17 06:28:17'),(2145,'AT2329','订单退单通知','2019-04-17 06:28:17'),(2146,'AT2330','拜访预约结果通知','2019-04-17 06:28:17'),(2147,'AT2331','体脂测量报告通知','2019-04-17 06:28:17'),(2148,'AT2332','保单批改失败通知','2019-04-17 06:28:17'),(2149,'AT2333','保单批改成功通知','2019-04-17 06:28:17'),(2150,'AT2334','已送签通知','2019-04-17 06:28:17'),(2151,'AT2335','物流查询结果提醒','2019-04-17 06:28:17'),(2152,'AT2336','工单派发成功提醒','2019-04-17 06:28:17'),(2153,'AT2337','案件汇报通知','2019-04-17 06:28:17'),(2154,'AT2338','报价失败通知','2019-04-17 06:28:17'),(2155,'AT2339','样品领取成功通知','2019-04-17 06:28:17'),(2156,'AT2340','取消约课通知','2019-04-17 06:28:17'),(2157,'AT2341','景点门票取票提醒','2019-04-17 06:28:17'),(2158,'AT2342','建议报废通知','2019-04-17 06:28:17'),(2159,'AT2343','会议门票拼票成功通知','2019-04-17 06:28:17'),(2160,'AT2344','商品已发出通知','2019-04-17 06:28:17'),(2161,'AT2345','出场超时通知','2019-04-17 06:28:18'),(2162,'AT2346','报单已分配通知','2019-04-17 06:28:18'),(2163,'AT2347','就诊完成通知','2019-04-17 06:28:18'),(2164,'AT2348','事项申请结果通知','2019-04-17 06:28:18'),(2165,'AT2349','调课审批提醒','2019-04-17 06:28:18'),(2166,'AT2350','退票申请结果通知','2019-04-17 06:28:18'),(2167,'AT2351','改签申请结果通知','2019-04-17 06:28:18'),(2168,'AT2352','试用商品归还通知','2019-04-17 06:28:18'),(2169,'AT2353','外卖接单成功通知','2019-04-17 06:28:18'),(2170,'AT2354','售出成功通知','2019-04-17 06:28:18'),(2171,'AT2356','报警受理通知','2019-04-17 06:28:18'),(2172,'AT2357','加入公司成功通知','2019-04-17 06:28:18'),(2173,'AT2358','社团审核结果通知','2019-04-17 06:28:18'),(2174,'AT2359','订水成功通知','2019-04-17 06:28:18'),(2175,'AT2360','门卫放行结果通知','2019-04-17 06:28:18'),(2176,'AT2361','乘船提醒','2019-04-17 06:28:18'),(2177,'AT2362','报障工单进度提醒','2019-04-17 06:28:18'),(2178,'AT2363','推修结果通知','2019-04-17 06:28:18'),(2179,'AT2364','转班申请结果通知','2019-04-17 06:28:18'),(2180,'AT2365','面试评价提醒','2019-04-17 06:28:18'),(2181,'AT2366','预受理成功通知','2019-04-17 06:28:18'),(2182,'AT2367','约课申请成功通知','2019-04-17 06:28:18'),(2183,'AT2368','订餐失败通知','2019-04-17 06:28:18'),(2184,'AT2370','家庭医生解约结果通知','2019-04-17 06:28:18'),(2185,'AT2371','处方审核通过提醒','2019-04-17 06:28:18'),(2186,'AT2372','课程预约失败通知','2019-04-17 06:28:18'),(2187,'AT2373','取消参团通知','2019-04-17 06:28:18'),(2188,'AT2374','晒单审核通过通知','2019-04-17 06:28:18'),(2189,'AT2375','脸卡通门禁出入通知','2019-04-17 06:28:18'),(2190,'AT2376','波纹生成成功通知','2019-04-17 06:28:18'),(2191,'AT2377','案件文书查看提醒','2019-04-17 06:28:18'),(2192,'AT2378','汽车票出票成功通知','2019-04-17 06:28:18'),(2193,'AT2379','报考成功通知','2019-04-17 06:28:18'),(2194,'AT2380','取消排队通知','2019-04-17 06:28:18'),(2195,'AT2381','考勤成功提醒','2019-04-17 06:28:18'),(2196,'AT2382','拍卖代理已失效通知','2019-04-17 06:28:18'),(2197,'AT2383','用户请求结算提醒','2019-04-17 06:28:18'),(2198,'AT2384','签约申请结果通知','2019-04-17 06:28:18'),(2199,'AT2385','司机取消接单通知','2019-04-17 06:28:18'),(2200,'AT2387','退出登录通知','2019-04-17 06:28:18'),(2201,'AT2388','门诊缴费失败通知','2019-04-17 06:28:19'),(2202,'AT2389','门诊缴费异常通知','2019-04-17 06:28:19'),(2203,'AT2390','门诊缴费成功通知','2019-04-17 06:28:19'),(2204,'AT2391','成员到达通知','2019-04-17 06:28:19'),(2205,'AT2392','约见信息修改成功通知','2019-04-17 06:28:19'),(2206,'AT2393','极端天气预警提醒','2019-04-17 06:28:19'),(2207,'AT2394','寄存异常提醒','2019-04-17 06:28:19'),(2208,'AT2395','重新开门通知','2019-04-17 06:28:19'),(2209,'AT2396','康养小屋报告生成通知','2019-04-17 06:28:19'),(2210,'AT2397','跨越安全区域提醒','2019-04-17 06:28:19'),(2211,'AT2398','暂无司机应答通知','2019-04-17 06:28:19'),(2212,'AT2399','寄存即将结束提醒','2019-04-17 06:28:19'),(2213,'AT2400','认证审核结果通知','2019-04-17 06:28:19'),(2214,'AT2401','约车失败通知','2019-04-17 06:28:19'),(2215,'AT2402','论证结果通知','2019-04-17 06:28:19'),(2216,'AT2403','信息录入失败提醒','2019-04-17 06:28:19'),(2217,'AT2404','退款结果通知','2019-04-17 06:28:19'),(2218,'AT2405','就诊卡变更通知','2019-04-17 06:28:19'),(2219,'AT2406','开店申请成功通知','2019-04-17 06:28:19'),(2220,'AT2407','转派成功提醒','2019-04-17 06:28:19'),(2221,'AT2408','地铁马拉松累计排名通知','2019-04-17 06:28:19'),(2222,'AT2409','地铁马拉松排行结算提醒','2019-04-17 06:28:19'),(2223,'AT2410','收款失败通知','2019-04-17 06:28:19'),(2224,'AT2411','缺失单证通知','2019-04-17 06:28:19'),(2225,'AT2412','证件签收提醒','2019-04-17 06:28:19'),(2226,'AT2413','私教预约成功提醒','2019-04-17 06:28:19'),(2227,'AT2414','工单变更成功提醒','2019-04-17 06:28:19'),(2228,'AT2415','售后受理通知','2019-04-17 06:28:19'),(2229,'AT2416','机考安排通知','2019-04-17 06:28:19'),(2230,'AT2417','下单失败通知','2019-04-17 06:28:19'),(2231,'AT2418','课后评测结果通知','2019-04-17 06:28:19'),(2232,'AT2419','案件变更通知','2019-04-17 06:28:19'),(2233,'AT2420','意见反馈结果通知','2019-04-17 06:28:19'),(2234,'AT2421','订单自取通知','2019-04-17 06:28:19'),(2235,'AT2422','报名申请通过通知','2019-04-17 06:28:20'),(2236,'AT2423','访客登记成功通知','2019-04-17 06:28:20'),(2237,'AT2424','预约接单通知','2019-04-17 06:28:20'),(2238,'AT2425','洗衣预约完成通知','2019-04-17 06:28:20'),(2239,'AT2426','证件寄出通知','2019-04-17 06:28:20'),(2240,'AT2427','子账号创建成功提醒','2019-04-17 06:28:20'),(2241,'AT2428','停运相关通知','2019-04-17 06:28:20'),(2242,'AT2430','拼团取消通知','2019-04-17 06:28:20'),(2243,'AT2431','预约试驾成功通知','2019-04-17 06:28:20'),(2244,'AT2432','解除账号异常通知','2019-04-17 06:28:20'),(2245,'AT2433','理赔问题件通知','2019-04-17 06:28:20'),(2246,'AT2434','认证申请提交成功通知','2019-04-17 06:28:20'),(2247,'AT2435','作业批阅完成提醒','2019-04-17 06:28:20'),(2248,'AT2436','工单超时预警提醒','2019-04-17 06:28:20'),(2249,'AT2437','订单失败提醒','2019-04-17 06:28:20'),(2250,'AT2438','注解审核结果通知','2019-04-17 06:28:20'),(2251,'AT2439','作品评分结果通知','2019-04-17 06:28:20'),(2252,'AT2440','转单失败提醒','2019-04-17 06:28:20'),(2253,'AT2441','转单确认通知','2019-04-17 06:28:20'),(2254,'AT2442','案件批示结果通知','2019-04-17 06:28:20'),(2255,'AT2443','电子登机牌通知','2019-04-17 06:28:20'),(2256,'AT2444','团体赛事成绩通知','2019-04-17 06:28:20'),(2257,'AT2445','赛事成绩通知','2019-04-17 06:28:20'),(2258,'AT2446','入选优秀作业通知','2019-04-17 06:28:20'),(2259,'AT2447','行程结束通知','2019-04-17 06:28:20'),(2260,'AT2448','车辆检测结果通知','2019-04-17 06:28:20'),(2261,'AT2450','车检预约成功通知','2019-04-17 06:28:21'),(2262,'AT2451','报检结果通知','2019-04-17 06:28:21'),(2263,'AT2452','会员卡恢复失败通知','2019-04-17 06:28:21'),(2264,'AT2453','取消申请通知','2019-04-17 06:28:21'),(2265,'AT2454','退税成功通知','2019-04-17 06:28:21'),(2266,'AT2455','预订取消通知','2019-04-17 06:28:21'),(2267,'AT2456','订单送达通知','2019-04-17 06:28:21'),(2268,'AT2457','订单接受通知','2019-04-17 06:28:21'),(2269,'AT2458','开庭通知','2019-04-17 06:28:21'),(2270,'AT2459','隐私号呼入通知','2019-04-17 06:28:21'),(2271,'AT2460','聚会取消通知','2019-04-17 06:28:21'),(2272,'AT2461','新问诊单提醒','2019-04-17 06:28:21'),(2273,'AT2462','订座失败通知','2019-04-17 06:28:21'),(2274,'AT2463','来访预约取消通知','2019-04-17 06:28:21'),(2275,'AT2464','解除设备绑定通知','2019-04-17 06:28:21'),(2276,'AT2465','邀请已拒绝通知','2019-04-17 06:28:21'),(2277,'AT2466','快递到站点通知','2019-04-17 06:28:21'),(2278,'AT2467','服务地点确认失败通知','2019-04-17 06:28:21'),(2279,'AT2468','登机口变更通知','2019-04-17 06:28:21'),(2280,'AT2469','行李领取通知','2019-04-17 06:28:21'),(2281,'AT2470','组团失败提醒','2019-04-17 06:28:21'),(2282,'AT2471','咨询取消通知','2019-04-17 06:28:21'),(2283,'AT2472','成品延迟工期提醒','2019-04-17 06:28:21'),(2284,'AT2473','会员卡停卡失败通知','2019-04-17 06:28:21'),(2285,'AT2474','工程绑定成功通知','2019-04-17 06:28:21'),(2286,'AT2475','审批驳回提醒','2019-04-17 06:28:21'),(2287,'AT2476','审批通过通知','2019-04-17 06:28:21'),(2288,'AT2477','申请社长成功通知','2019-04-17 06:28:21'),(2289,'AT2478','创建档案成功通知','2019-04-17 06:28:21'),(2290,'AT2479','案件评分通知','2019-04-17 06:28:21'),(2291,'AT2480','退税单创建成功提醒','2019-04-17 06:28:21'),(2292,'AT2481','社团审核失败通知','2019-04-17 06:28:21'),(2293,'AT2482','车位预约审核结果通知','2019-04-17 06:28:21'),(2294,'AT2483','移交社长成功通知','2019-04-17 06:28:21'),(2295,'AT2484','选考成功通知','2019-04-17 06:28:21'),(2296,'AT2485','拼伞成功通知','2019-04-17 06:28:21'),(2297,'AT2486','接单取消通知','2019-04-17 06:28:21'),(2298,'AT2487','检测报告完成通知','2019-04-17 06:28:21'),(2299,'AT2488','航班调整通知','2019-04-17 06:28:21'),(2300,'AT2489','航班变动通知','2019-04-17 06:28:21'),(2301,'AT2490','预约不通过通知','2019-04-17 06:28:22'),(2302,'AT2491','退税单打印成功提醒','2019-04-17 06:28:22'),(2303,'AT2492','退税单审核失败提醒','2019-04-17 06:28:22'),(2304,'AT2493','合同已排单通知','2019-04-17 06:28:22'),(2305,'AT2494','车辆离位提醒','2019-04-17 06:28:22'),(2306,'AT2495','车辆入位提醒','2019-04-17 06:28:22'),(2307,'AT2496','拒绝捎带通知','2019-04-17 06:28:22'),(2308,'AT2497','面料生产完成通知','2019-04-17 06:28:22'),(2309,'AT2498','预约已撤销通知','2019-04-17 06:28:22'),(2310,'AT2499','订单取消成功通知','2019-04-17 06:28:22'),(2311,'AT2500','案件处理进展信息通知','2019-04-17 06:28:22'),(2312,'AT2501','案件审限信息通知','2019-04-17 06:28:22'),(2313,'AT2502','预取号成功通知','2019-04-17 06:28:22'),(2314,'AT2503','比赛成绩通知','2019-04-17 06:28:22'),(2315,'AT2504','订单取件失败通知','2019-04-17 06:28:22'),(2316,'AT2505','车辆绑定成功通知','2019-04-17 06:28:22'),(2317,'AT2506','车辆解绑成功通知','2019-04-17 06:28:22'),(2318,'AT2507','设备故障通知','2019-04-17 06:28:22'),(2319,'AT2508','发货单审批结果通知','2019-04-17 06:28:22'),(2320,'AT2509','合同终止通知','2019-04-17 06:28:22'),(2321,'AT2510','参加拼团成功通知','2019-04-17 06:28:22'),(2322,'AT2511','预估单提交成功通知','2019-04-17 06:28:22'),(2323,'AT2512','退税申请审批结果通知','2019-04-17 06:28:22'),(2324,'AT2513','航班到达提醒','2019-04-17 06:28:22'),(2325,'AT2514','众筹支持成功通知','2019-04-17 06:28:22'),(2326,'AT2515','交通罚没消单结果通知','2019-04-17 06:28:22'),(2327,'AT2516','违章消单提醒','2019-04-17 06:28:22'),(2328,'AT2517','设备使用提醒','2019-04-17 06:28:22'),(2329,'AT2518','新的成长记录通知','2019-04-17 06:28:22'),(2330,'AT2519','核签审批结果通知','2019-04-17 06:28:22'),(2331,'AT2520','面试点评结果通知','2019-04-17 06:28:22'),(2332,'AT2521','简历评价通知','2019-04-17 06:28:22'),(2333,'AT2522','宠物寄养成功通知','2019-04-17 06:28:22'),(2334,'AT2523','宠物领取成功通知','2019-04-17 06:28:22'),(2335,'AT2524','收到老师反馈通知','2019-04-17 06:28:22'),(2336,'AT2525','投保成功问卷回访通知','2019-04-17 06:28:22'),(2337,'AT2526','行李送达提醒','2019-04-17 06:28:22'),(2338,'AT2527','年卡购买成功通知','2019-04-17 06:28:22'),(2339,'AT2528','证件审核结果通知','2019-04-17 06:28:22'),(2340,'AT2529','面料开始生产通知','2019-04-17 06:28:22'),(2341,'AT2530','生产延期提醒','2019-04-17 06:28:23'),(2342,'AT2531','发票导入结果通知','2019-04-17 06:28:23'),(2343,'AT2532','案件审限超期提醒','2019-04-17 06:28:23'),(2344,'AT2533','反馈受理通知','2019-04-17 06:28:23'),(2345,'AT2534','项目筹款目标未达成通知','2019-04-17 06:28:23'),(2346,'AT2535','项目筹款目标达成通知','2019-04-17 06:28:23'),(2347,'AT2536','项目审核结果通知','2019-04-17 06:28:23'),(2348,'AT2537','医生诊断结果通知','2019-04-17 06:28:23'),(2349,'AT2538','转诊成功通知','2019-04-17 06:28:23'),(2350,'AT2539','出差审批提醒','2019-04-17 06:28:23'),(2351,'AT2540','拒绝预约通知','2019-04-17 06:28:23'),(2352,'AT2541','订单投递成功通知','2019-04-17 06:28:23'),(2353,'AT2542','订单行程信息变更通知','2019-04-17 06:28:23'),(2354,'AT2543','设备补货完成通知','2019-04-17 06:28:23'),(2355,'AT2544','计次卡扣除成功提醒','2019-04-17 06:28:23'),(2356,'AT2545','车辆救援已确认通知','2019-04-17 06:28:23'),(2357,'AT2546','民宿预定成功通知','2019-04-17 06:28:23'),(2358,'AT2547','案件进度通知','2019-04-17 06:28:23'),(2359,'AT2548','补电受理通知','2019-04-17 06:28:23'),(2360,'AT2549','施工检查结果通知','2019-04-17 06:28:23'),(2361,'AT2550','面试申请回复通知','2019-04-17 06:28:23'),(2362,'AT2551','推迟发货通知','2019-04-17 06:28:23'),(2363,'AT2552','虫情预警通知','2019-04-17 06:28:23'),(2364,'AT2553','工单处理进度通知','2019-04-17 06:28:23'),(2365,'AT2554','回款时间到期提醒','2019-04-17 06:28:23'),(2366,'AT2555','车辆到厂提醒','2019-04-17 06:28:23'),(2367,'AT2556','人员调度通知','2019-04-17 06:28:23'),(2368,'AT2557','会员禁用通知','2019-04-17 06:28:23'),(2369,'AT2558','确认就诊提醒','2019-04-17 06:28:23'),(2370,'AT2559','车辆定位设置成功提醒','2019-04-17 06:28:23'),(2371,'AT2560','在线报案完成通知','2019-04-17 06:28:23'),(2372,'AT2561','团长申请结果通知','2019-04-17 06:28:23'),(2373,'AT2562','服务异常提醒','2019-04-17 06:28:23'),(2374,'AT2563','车辆逾期到厂提醒','2019-04-17 06:28:23'),(2375,'AT2564','拒绝借书通知','2019-04-17 06:28:23'),(2376,'AT2565','取消借阅通知','2019-04-17 06:28:23'),(2377,'AT2566','审批流程结束通知','2019-04-17 06:28:23'),(2378,'AT2567','义诊预约成功通知','2019-04-17 06:28:23'),(2379,'AT2568','义诊预约取消通知','2019-04-17 06:28:23'),(2380,'AT2569','无人店开门失败通知','2019-04-17 06:28:23'),(2381,'AT2570','扣分结果通知','2019-04-17 06:28:24'),(2382,'AT2571','货物发出通知','2019-04-17 06:28:24'),(2383,'AT2572','货物到达通知','2019-04-17 06:28:24'),(2384,'AT2573','发货成功通知','2019-04-17 06:28:24'),(2385,'AT2574','本月记账成功通知','2019-04-17 06:28:24'),(2386,'AT2575','投诉建议受理通知','2019-04-17 06:28:24'),(2387,'AT2576','自由行资料审核结果通知','2019-04-17 06:28:24'),(2388,'AT2577','车辆检测完成通知','2019-04-17 06:28:24'),(2389,'AT2578','预约完成通知','2019-04-17 06:28:24'),(2390,'AT2579','采购单中标通知','2019-04-17 06:28:24'),(2391,'AT2580','采购单发货通知','2019-04-17 06:28:24'),(2392,'AT2581','欠款到期提醒','2019-04-17 06:28:24'),(2393,'AT2582','周记账成功通知','2019-04-17 06:28:24'),(2394,'AT2583','挪车回复提醒','2019-04-17 06:28:24'),(2395,'AT2584','成绩分析结果通知','2019-04-17 06:28:24'),(2396,'AT2585','风控暂停通知','2019-04-17 06:28:24'),(2397,'AT2586','举报线索受理通知','2019-04-17 06:28:24'),(2398,'AT2587','检查结果通知','2019-04-17 06:28:24'),(2399,'AT2588','费用审核结果通知','2019-04-17 06:28:24'),(2400,'AT2589','船舶节点通知','2019-04-17 06:28:24'),(2401,'AT2590','体检报告生成提醒','2019-04-17 06:28:24'),(2402,'AT2591','拜访预约成功通知','2019-04-17 06:28:24'),(2403,'AT2592','高速扣费提醒','2019-04-17 06:28:24'),(2404,'AT2593','检测报告生成通知','2019-04-17 06:28:24'),(2405,'AT2594','申请单提交成功通知','2019-04-17 06:28:24'),(2406,'AT2595','船次安排成功通知','2019-04-17 06:28:24'),(2407,'AT2596','轮胎报警通知','2019-04-17 06:28:24'),(2408,'AT2597','车辆检测申请结果通知','2019-04-17 06:28:24'),(2409,'AT2598','放车通知','2019-04-17 06:28:24'),(2410,'AT2599','众筹支付成功通知','2019-04-17 06:28:24'),(2411,'AT2600','乘船信息提醒','2019-04-17 06:28:24'),(2412,'AT2601','部品下线问题通知','2019-04-17 06:28:24'),(2413,'AT2602','房源审核不通过提醒','2019-04-17 06:28:24'),(2414,'AT2603','订单延期提醒','2019-04-17 06:28:24'),(2415,'AT2604','采购审核结果通知','2019-04-17 06:28:24'),(2416,'AT2605','保单整理成功通知','2019-04-17 06:28:24'),(2417,'AT2606','复试通知','2019-04-17 06:28:24'),(2418,'AT2607','远程抓拍失败通知','2019-04-17 06:28:24'),(2419,'AT2608','远程抓拍成功通知','2019-04-17 06:28:24'),(2420,'AT2609','流水同步成功通知','2019-04-17 06:28:24'),(2421,'AT2610','体检预约取消通知','2019-04-17 06:28:25'),(2422,'AT2611','充电卡申请驳回通知','2019-04-17 06:28:25'),(2423,'AT2612','收费成功通知','2019-04-17 06:28:25'),(2424,'AT2613','放疗流程完成通知','2019-04-17 06:28:25'),(2425,'AT2614','传感器预警通知','2019-04-17 06:28:25'),(2426,'AT2615','车位租用结果通知','2019-04-17 06:28:25'),(2427,'AT2616','解除客户绑定通知','2019-04-17 06:28:25'),(2428,'AT2617','维保任务通知','2019-04-17 06:28:25'),(2429,'AT2618','业务申请进度通知','2019-04-17 06:28:25'),(2430,'AT2619','隐患提报审核结果通知','2019-04-17 06:28:25'),(2431,'AT2620','收到试驾预约通知','2019-04-17 06:28:25'),(2432,'AT2621','换货结果通知','2019-04-17 06:28:25'),(2433,'AT2622','旅拍预定成功通知','2019-04-17 06:28:25'),(2434,'AT2623','排班加入成功通知','2019-04-17 06:28:25'),(2435,'AT2624','离职通知','2019-04-17 06:28:25'),(2436,'AT2625','回收提交成功通知','2019-04-17 06:28:25'),(2437,'AT2626','培训取消通知','2019-04-17 06:28:25'),(2438,'AT2627','申请拒绝提醒','2019-04-17 06:28:25'),(2439,'AT2628','衣服送洗成功通知','2019-04-17 06:28:25'),(2440,'AT2629','设备维修完成通知','2019-04-17 06:28:25'),(2441,'AT2630','设备故障报修通知','2019-04-17 06:28:25'),(2442,'AT2631','电梯卡取卡提醒','2019-04-17 06:28:25'),(2443,'AT2632','放款初审结果通知','2019-04-17 06:28:25'),(2444,'AT2633','车位释放通知','2019-04-17 06:28:25'),(2445,'AT2634','厅室预约成功通知','2019-04-17 06:28:25'),(2446,'AT2635','诊疗流程完成通知','2019-04-17 06:28:25'),(2447,'AT2636','回单审核结果通知','2019-04-17 06:28:25'),(2448,'AT2637','停班申请通知','2019-04-17 06:28:25'),(2449,'AT2638','门诊待缴费通知','2019-04-17 06:28:25'),(2450,'AT2639','上门取件预约失败通知','2019-04-17 06:28:25'),(2451,'AT2640','上门取件预约成功通知','2019-04-17 06:28:25'),(2452,'AT2641','电表欠费通知','2019-04-17 06:28:25'),(2453,'AT2642','场地关灯提醒','2019-04-17 06:28:25'),(2454,'AT2643','雇主险员工变更通知','2019-04-17 06:28:25'),(2455,'AT2644','订单分配通知','2019-04-17 06:28:25'),(2456,'AT2645','设备操作预警通知','2019-04-17 06:28:25'),(2457,'AT2646','抄表结果通知','2019-04-17 06:28:25'),(2458,'AT2647','司机预约成功通知','2019-04-17 06:28:25'),(2459,'AT2648','设备解绑成功通知','2019-04-17 06:28:25'),(2460,'AT2649','回收资金到账提醒','2019-04-17 06:28:25'),(2461,'AT2650','回收失败通知','2019-04-17 06:28:26'),(2462,'AT2651','实物金沙提取失败通知','2019-04-17 06:28:26'),(2463,'AT2652','实物金沙提取成功通知','2019-04-17 06:28:26'),(2464,'AT2653','医生等待回复提醒','2019-04-17 06:28:26'),(2465,'AT2654','医保消费结果通知','2019-04-17 06:28:26'),(2466,'AT2655','开始租用通知','2019-04-17 06:28:26'),(2467,'AT2658','新派单通知','2019-04-17 06:28:26'),(2468,'AT2659','租用结束通知','2019-04-17 06:28:26'),(2469,'AT2660','司机签到成功通知','2019-04-17 06:28:26'),(2470,'AT2661','可退税提醒','2019-04-17 06:28:26'),(2471,'AT2662','供应商已接单提醒','2019-04-17 06:28:26'),(2472,'AT2663','泊车预约成功通知','2019-04-17 06:28:26'),(2473,'AT2664','会议室预定成功通知','2019-04-17 06:28:26'),(2474,'AT2665','设备取物成功通知','2019-04-17 06:28:26'),(2475,'AT2666','购房摇号结果通知','2019-04-17 06:28:26'),(2476,'AT2667','采购单待审批通知','2019-04-17 06:28:26'),(2477,'AT2668','视频面试邀请通知','2019-04-17 06:28:26'),(2478,'AT2669','产检记录通知','2019-04-17 06:28:26'),(2479,'AT2671','服务预约成功通知','2019-04-17 06:28:26'),(2480,'AT2672','路损报告处理通知','2019-04-17 06:28:26'),(2481,'AT2673','输液状况提醒','2019-04-17 06:28:26'),(2482,'AT2674','门禁出入通行通知','2019-04-17 06:28:26'),(2483,'AT2675','入队失败通知','2019-04-17 06:28:26'),(2484,'AT2676','泵压异常提醒','2019-04-17 06:28:26'),(2485,'AT2677','账单待确认通知','2019-04-17 06:28:26'),(2486,'AT2678','采购单待报价通知','2019-04-17 06:28:26'),(2487,'AT2679','高速欠费通知','2019-04-17 06:28:26'),(2488,'AT2680','高速黑名单通知','2019-04-17 06:28:26'),(2489,'AT2681','运输预定成功通知','2019-04-17 06:28:26'),(2490,'AT2682','实名认证驳回通知','2019-04-17 06:28:26'),(2491,'AT2683','实名认证通过通知','2019-04-17 06:28:26'),(2492,'AT2684','权限申请驳回通知','2019-04-17 06:28:26'),(2493,'AT2685','权限申请通过通知','2019-04-17 06:28:26'),(2494,'AT2686','员工端退出通知','2019-04-17 06:28:26'),(2495,'AT2687','订单配餐中通知','2019-04-17 06:28:26'),(2496,'AT2688','请假审批结果提醒','2019-04-17 06:28:26'),(2497,'AT2689','订单生产计划通知','2019-04-17 06:28:26'),(2498,'AT2690','停卡成功通知','2019-04-17 06:28:26'),(2499,'AT2691','好友拒绝挑战通知','2019-04-17 06:28:27'),(2500,'AT2692','用料计划审批提醒','2019-04-17 06:28:27'),(2501,'AT2693','学员提问处理通知','2019-04-17 06:28:27'),(2502,'AT2694','问诊咨询跟进提醒','2019-04-17 06:28:27'),(2503,'AT2695','业务预约受理通知','2019-04-17 06:28:27'),(2504,'AT2696','访客预约成功通知','2019-04-17 06:28:27'),(2505,'AT2697','房租逾期催缴提醒','2019-04-17 06:28:27'),(2506,'AT2698','巴士到站提醒','2019-04-17 06:28:27'),(2507,'AT2699','司机审核结果通知','2019-04-17 06:28:27'),(2508,'AT2700','车辆审核结果通知','2019-04-17 06:28:27'),(2509,'AT2701','房源审核结果通知','2019-04-17 06:28:27'),(2510,'AT2702','打印机绑定失败通知','2019-04-17 06:28:27'),(2511,'AT2703','自助机剩余票数提醒','2019-04-17 06:28:27'),(2512,'AT2704','开通会员成功通知','2019-04-17 06:28:27'),(2513,'AT2705','退餐请求提醒','2019-04-17 06:28:27'),(2514,'AT2706','衣物洗涤完成通知','2019-04-17 06:28:27'),(2515,'AT2707','司机签到取消通知','2019-04-17 06:28:27'),(2516,'AT2708','证件到期提醒','2019-04-17 06:28:27'),(2517,'AT2709','联赛结果通知','2019-04-17 06:28:27'),(2518,'AT2710','尿检异常提醒','2019-04-17 06:28:27'),(2519,'AT2711','电力线路告警通知','2019-04-17 06:28:27'),(2520,'AT2712','证件复审到期通知','2019-04-17 06:28:27'),(2521,'AT2713','货物出库提醒','2019-04-17 06:28:27'),(2522,'AT2714','退货成功通知','2019-04-17 06:28:27'),(2523,'AT2715','租房合约确认提醒','2019-04-17 06:28:27'),(2524,'AT2716','打印机绑定成功通知','2019-04-17 06:28:27'),(2525,'AT2717','车牌添加成功通知','2019-04-17 06:28:27'),(2526,'AT2718','宠物位置提醒','2019-04-17 06:28:27'),(2527,'AT2719','成绩查询结果通知','2019-04-17 06:28:27'),(2528,'AT2720','欠费断电通知','2019-04-17 06:28:27'),(2529,'AT2721','提单审核拒绝通知','2019-04-17 06:28:27'),(2530,'AT2722','取消预约通知','2019-04-17 06:28:27'),(2531,'AT2723','发车计划无任务提醒','2019-04-17 06:28:27'),(2532,'AT2724','救援服务确认提醒','2019-04-17 06:28:27'),(2533,'AT2725','订单出货提醒','2019-04-17 06:28:27'),(2534,'AT2726','赛事评选结果通知','2019-04-17 06:28:27'),(2535,'AT2727','合约变更确认通知','2019-04-17 06:28:27'),(2536,'AT2728','经纪人审核结果通知','2019-04-17 06:28:27'),(2537,'AT2729','订单赔付已完成通知','2019-04-17 06:28:27'),(2538,'AT2730','取回衣服成功通知','2019-04-17 06:28:27'),(2539,'AT2731','车位上锁通知','2019-04-17 06:28:27'),(2540,'AT2732','车位下锁通知','2019-04-17 06:28:28'),(2541,'AT2733','车位锁升起通知','2019-04-17 06:28:28'),(2542,'AT2734','企业税号查询结果通知','2019-04-17 06:28:28'),(2543,'AT2735','维修接收通知','2019-04-17 06:28:28'),(2544,'AT2736','流标废标通知','2019-04-17 06:28:28'),(2545,'AT2737','出行周报通知','2019-04-17 06:28:28'),(2546,'AT2738','快递被代收通知','2019-04-17 06:28:28'),(2547,'AT2739','次卡划扣成功通知','2019-04-17 06:28:28'),(2548,'AT2740','排队叫号通知','2019-04-17 06:28:28'),(2549,'AT2741','充电密码通知','2019-04-17 06:28:28'),(2550,'AT2742','装车完毕通知','2019-04-17 06:28:28'),(2551,'AT2743','同意放行通知','2019-04-17 06:28:28'),(2552,'AT2744','VIP开通成功通知','2019-04-17 06:28:28'),(2553,'AT2745','卖出失败通知','2019-04-17 06:28:28'),(2554,'AT2746','表单受理通知','2019-04-17 06:28:28'),(2555,'AT2747','续租成功通知','2019-04-17 06:28:28'),(2556,'AT2748','故障恢复通知','2019-04-17 06:28:28'),(2557,'AT2749','订单签收成功通知','2019-04-17 06:28:28'),(2558,'AT2750','車手已取貨通知','2019-04-17 06:28:28'),(2559,'AT2751','服务已完成通知','2019-04-17 06:28:28'),(2560,'AT2752','授权申请拒绝通知','2019-04-17 06:28:28'),(2561,'AT2753','服务处理结果通知','2019-04-17 06:28:28'),(2562,'AT2754','卖家同意报价通知','2019-04-17 06:28:28'),(2563,'AT2755','租借未成功通知','2019-04-17 06:28:28'),(2564,'AT2756','拍品出价回复通知','2019-04-17 06:28:28'),(2565,'AT2757','申诉结果通知','2019-04-17 06:28:28'),(2566,'AT2758','开柜成功通知','2019-04-17 06:28:28'),(2567,'AT2759','开柜失败通知','2019-04-17 06:28:29'),(2568,'AT2760','实时计费结果通知','2019-04-17 06:28:29'),(2569,'AT2761','预约检查取消通知','2019-04-17 06:28:29'),(2570,'AT2762','还款逾期提醒','2019-04-17 06:28:29'),(2571,'AT2763','业务审核结果通知','2019-04-17 06:28:29'),(2572,'AT2764','业务办理完成通知','2019-04-17 06:28:29'),(2573,'AT2765','安装资料审核失败通知','2019-04-17 06:28:29'),(2574,'AT2766','违章记录消除提醒','2019-04-17 06:28:29'),(2575,'AT2767','预约结果变更通知','2019-04-17 06:28:29'),(2576,'AT2768','服务待结算提醒','2019-04-17 06:28:29'),(2577,'AT2769','取车成功通知','2019-04-17 06:28:29'),(2578,'AT2770','文件申请导入审批通知','2019-04-17 06:28:29'),(2579,'AT2771','流程协同提醒','2019-04-17 06:28:29'),(2580,'AT2772','房卡领取成功提醒','2019-04-17 06:28:29'),(2581,'AT2773','结账成功通知','2019-04-17 06:28:29'),(2582,'AT2774','电量下发成功通知','2019-04-17 06:28:29'),(2583,'AT2775','排卵状态变化提醒','2019-04-17 06:28:29'),(2584,'AT2776','入职信息驳回提醒','2019-04-17 06:28:29'),(2585,'AT2777','异常断电通知','2019-04-17 06:28:29'),(2586,'AT2778','订单配送失败通知','2019-04-17 06:28:29'),(2587,'AT2779','商品退回通知','2019-04-17 06:28:29'),(2588,'AT2780','报案受理提醒','2019-04-17 06:28:29'),(2589,'AT2781','自助查勘提醒','2019-04-17 06:28:29'),(2590,'AT2782','预约提交成功通知','2019-04-17 06:28:29'),(2591,'AT2783','学生延迟离校通知','2019-04-17 06:28:29'),(2592,'AT2784','加班审批提醒','2019-04-17 06:28:29'),(2593,'AT2785','协议寄件审核失败通知','2019-04-17 06:28:29'),(2594,'AT2786','代还车成功通知','2019-04-17 06:28:29'),(2595,'AT2787','入园预约失败通知','2019-04-17 06:28:29'),(2596,'AT2788','入园预约取消通知','2019-04-17 06:28:29'),(2597,'AT2789','骑手到店取茶通知','2019-04-17 06:28:29'),(2598,'AT2790','预约检查成功通知','2019-04-17 06:28:29'),(2599,'AT2791','医生停诊恢复通知','2019-04-17 06:28:29'),(2600,'AT2792','代取支付成功通知','2019-04-17 06:28:29'),(2601,'AT2793','快件发出通知','2019-04-17 06:28:30'),(2602,'AT2794','订课取消通知','2019-04-17 06:28:30'),(2603,'AT2795','签发申请结果通知','2019-04-17 06:28:30'),(2604,'AT2796','案件协办通知','2019-04-17 06:28:30'),(2605,'AT2797','充电站标注失败提醒','2019-04-17 06:28:30'),(2606,'AT2798','租金欠缴提醒','2019-04-17 06:28:30'),(2607,'AT2799','报单异常通知','2019-04-17 06:28:30'),(2608,'AT2800','设备支付率异常提醒','2019-04-17 06:28:30'),(2609,'AT2801','巡检超时通知','2019-04-17 06:28:30'),(2610,'AT2802','订餐送达通知','2019-04-17 06:28:30'),(2611,'AT2803','证书到期提醒','2019-04-17 06:28:30'),(2612,'AT2804','签发密码计算成功通知','2019-04-17 06:28:30'),(2613,'AT2805','竞买成功通知','2019-04-17 06:28:30'),(2614,'AT2806','申请处理结果通知','2019-04-17 06:28:30'),(2615,'AT2807','岗位竞选失败通知','2019-04-17 06:28:30'),(2616,'AT2808','司机查询结果通知','2019-04-17 06:28:30'),(2617,'AT2809','乘客查询结果通知','2019-04-17 06:28:30'),(2618,'AT2810','岗位竞选成功通知','2019-04-17 06:28:30'),(2619,'AT2811','参观证申请成功通知','2019-04-17 06:28:30'),(2620,'AT2812','复印申请处理通知','2019-04-17 06:28:30'),(2621,'AT2813','协办请求审批通知','2019-04-17 06:28:30'),(2622,'AT2814','预约修改成功通知','2019-04-17 06:28:30'),(2623,'AT2815','值班审批提醒','2019-04-17 06:28:30'),(2624,'AT2816','约见已取消通知','2019-04-17 06:28:30'),(2625,'AT2817','移车进度提醒','2019-04-17 06:28:30'),(2626,'AT2818','酒店预定成功通知','2019-04-17 06:28:30'),(2627,'AT2819','移车提交成功通知','2019-04-17 06:28:30'),(2628,'AT2820','洗衣预约成功通知','2019-04-17 06:28:30'),(2629,'AT2821','货物运抵通知','2019-04-17 06:28:30'),(2630,'AT2822','职业测试报告通知','2019-04-17 06:28:30'),(2631,'AT2823','评分成绩通知','2019-04-17 06:28:30'),(2632,'AT2824','分拣结果通知','2019-04-17 06:28:30'),(2633,'AT2825','回购资金到账通知','2019-04-17 06:28:30'),(2634,'AT2826','关系申请进度通知','2019-04-17 06:28:30'),(2635,'AT2827','回购失败通知','2019-04-17 06:28:30'),(2636,'AT2828','账号续期成功通知','2019-04-17 06:28:30'),(2637,'AT2829','住院押金不足提醒','2019-04-17 06:28:30'),(2638,'AT2830','订单完结通知','2019-04-17 06:28:30'),(2639,'AT2831','申请签发成功提醒','2019-04-17 06:28:30'),(2640,'AT2832','充电预约成功提醒','2019-04-17 06:28:30'),(2641,'AT2833','电梯故障通知','2019-04-17 06:28:31'),(2642,'AT2834','催离提醒','2019-04-17 06:28:31'),(2643,'AT2835','新报货单通知','2019-04-17 06:28:31'),(2644,'AT2836','顺风车查询结果通知','2019-04-17 06:28:31'),(2645,'AT2837','协议寄件审核成功通知','2019-04-17 06:28:31'),(2646,'AT2838','保证金审核结果通知','2019-04-17 06:28:31'),(2647,'AT2839','火车站信息提醒','2019-04-17 06:28:31'),(2648,'AT2840','报税成功通知','2019-04-17 06:28:31'),(2649,'AT2841','货物装柜提醒','2019-04-17 06:28:31'),(2650,'AT2842','货物入仓提醒','2019-04-17 06:28:31'),(2651,'AT2843','违规封禁通知','2019-04-17 06:28:31'),(2652,'AT2844','文档保存失败通知','2019-04-17 06:28:31'),(2653,'AT2845','订单赔偿通知','2019-04-17 06:28:31'),(2654,'AT2846','问诊支付成功通知','2019-04-17 06:28:31'),(2655,'AT2847','智能锁开门通知','2019-04-17 06:28:31'),(2656,'AT2848','工单驳回提醒','2019-04-17 06:28:31'),(2657,'AT2849','学校放学通知','2019-04-17 06:28:31'),(2658,'AT2850','换车车辆预约成功通知','2019-04-17 06:28:31'),(2659,'AT2851','汽车票预定失败通知','2019-04-17 06:28:31'),(2660,'AT2852','专项抵扣失败通知','2019-04-17 06:28:31'),(2661,'AT2853','图书预约成功通知','2019-04-17 06:28:31'),(2662,'AT2854','图书预约失败通知','2019-04-17 06:28:31'),(2663,'AT2855','图书预借失败通知','2019-04-17 06:28:31'),(2664,'AT2856','图书馆办证成功通知','2019-04-17 06:28:31'),(2665,'AT2857','上门服务预约成功通知','2019-04-17 06:28:31'),(2666,'AT2858','取衣预约结果通知','2019-04-17 06:28:31'),(2667,'AT2859','HR回复通知','2019-04-17 06:28:31'),(2668,'AT2860','租赁逾期通知','2019-04-17 06:28:31'),(2669,'AT2861','健康测评报告通知','2019-04-17 06:28:31'),(2670,'AT2862','图书预约已取书通知','2019-04-17 06:28:31'),(2671,'AT2863','图书预约超期通知','2019-04-17 06:28:31'),(2672,'AT2864','评估跟进记录通知','2019-04-17 06:28:31'),(2673,'AT2865','考研成绩排名提醒','2019-04-17 06:28:31'),(2674,'AT2866','工单提交成功通知','2019-04-17 06:28:31'),(2675,'AT2867','弃单重新分配通知','2019-04-17 06:28:31'),(2676,'AT2868','晨检报告通知','2019-04-17 06:28:31'),(2677,'AT2869','参观预约取消提醒','2019-04-17 06:28:31'),(2678,'AT2870','赛事报名成功通知','2019-04-17 06:28:31'),(2679,'AT2871','服务申请操作完成通知','2019-04-17 06:28:31'),(2680,'AT2872','借伞归还提醒','2019-04-17 06:28:31'),(2681,'AT2873','充电即将结束通知','2019-04-17 06:28:32'),(2682,'AT2874','岗位申请成功通知','2019-04-17 06:28:32'),(2683,'AT2875','证件照处理失败通知','2019-04-17 06:28:32'),(2684,'AT2876','证件照处理成功通知','2019-04-17 06:28:32'),(2685,'AT2877','计算机等级成绩通知','2019-04-17 06:28:32'),(2686,'AT2878','订单提货通知','2019-04-17 06:28:32'),(2687,'AT2879','对账单通知','2019-04-17 06:28:32'),(2688,'AT2880','Event Cancellation Notification','2019-04-17 06:28:32'),(2689,'AT2881','续保成功通知','2019-04-17 06:28:32'),(2690,'AT2882','投保单签署成功通知','2019-04-17 06:28:32'),(2691,'AT2883','病例审核成功通知','2019-04-17 06:28:32'),(2692,'AT2884','血糖记录结果通知','2019-04-17 06:28:32'),(2693,'AT2885','陪护设备开锁通知','2019-04-17 06:28:32'),(2694,'AT2886','陪护设备关锁通知','2019-04-17 06:28:32'),(2695,'AT2887','陪护设备订单结束通知','2019-04-17 06:28:32'),(2696,'AT2888','陪护设备使用超时通知','2019-04-17 06:28:32'),(2697,'AT2889','陪护设备使用提醒','2019-04-17 06:28:32'),(2698,'AT2890','入住交割信息确认提醒','2019-04-17 06:28:32'),(2699,'AT2891','准考证通知','2019-04-17 06:28:32'),(2700,'AT2892','占座检测结果通知','2019-04-17 06:28:32'),(2701,'AT2893','空间预约成功通知','2019-04-17 06:28:32'),(2702,'AT2894','空间预约失败通知','2019-04-17 06:28:32'),(2703,'AT2895','图书预借已取书通知','2019-04-17 06:28:32'),(2704,'AT2896','图书预借超期通知','2019-04-17 06:28:32'),(2705,'AT2897','开包检查处理通知','2019-04-17 06:28:32'),(2706,'AT2898','退卡成功通知','2019-04-17 06:28:32'),(2707,'AT2899','身份认证结果通知','2019-04-17 06:28:32'),(2708,'AT2900','货物信息确认提醒','2019-04-17 06:28:32'),(2709,'AT2901','检查跟进提醒','2019-04-17 06:28:32'),(2710,'AT2902','场次评标完成提醒','2019-04-17 06:28:32'),(2711,'AT2903','发票冲红通知','2019-04-17 06:28:32'),(2712,'AT2904','订单送达门店通知','2019-04-17 06:28:32'),(2713,'AT2905','会议室预订成功通知','2019-04-17 06:28:32'),(2714,'AT2906','充电宝归还成功通知','2019-04-17 06:28:32'),(2715,'AT2907','药品扫码成功提醒','2019-04-17 06:28:32'),(2716,'AT2908','会议室退款审核通知','2019-04-17 06:28:32'),(2717,'AT2909','取餐码通知','2019-04-17 06:28:32'),(2718,'AT2910','充电宝租借中提醒','2019-04-17 06:28:32'),(2719,'AT2911','电子健康卡操作通知','2019-04-17 06:28:32'),(2720,'AT2912','就诊卡操作通知','2019-04-17 06:28:32'),(2721,'AT2913','血糖值异常提醒','2019-04-17 06:28:33'),(2722,'AT2914','质保单生成通知','2019-04-17 06:28:33'),(2723,'AT2915','生活费用已欠费通知','2019-04-17 06:28:33'),(2724,'AT2916','车辆报废预约成功通知','2019-04-17 06:28:33'),(2725,'AT2917','休假审批通知','2019-04-17 06:28:33'),(2726,'AT2918','租赁到期提醒','2019-04-17 06:28:33'),(2727,'AT2919','走私举报成功通知','2019-04-17 06:28:33'),(2728,'AT2920','项目竣工验收通知','2019-04-17 06:28:33'),(2729,'AT2921','请购单待审批提醒','2019-04-17 06:28:33'),(2730,'AT2922','装箱单问题通知','2019-04-17 06:28:33'),(2731,'AT2923','订单合并通知','2019-04-17 06:28:33'),(2732,'AT2924','拆解任务单分配通知','2019-04-17 06:28:33'),(2733,'AT2925','试驾已安排通知','2019-04-17 06:28:33'),(2734,'AT2926','接单失败提醒','2019-04-17 06:28:33'),(2735,'AT2927','充电宝回仓通知','2019-04-17 06:28:33'),(2736,'AT2928','报名审核失败提醒','2019-04-17 06:28:33'),(2737,'AT2929','智能锁常开常闭提醒','2019-04-17 06:28:33'),(2738,'AT2930','物资提交成功通知','2019-04-17 06:28:33'),(2739,'AT2931','订单寄出通知','2019-04-17 06:28:33'),(2740,'AT2932','病案复印信息确认提醒','2019-04-17 06:28:33'),(2741,'AT2933','订单质保完成通知','2019-04-17 06:28:33'),(2742,'AT2934','走私举报提交成功通知','2019-04-17 06:28:33'),(2743,'AT2935','协管巡查结果通知','2019-04-17 06:28:33'),(2744,'AT2936','业务驳回通知','2019-04-17 06:28:33'),(2745,'AT2937','保证金支付成功通知','2019-04-17 06:28:33'),(2746,'AT2938','充电柜断电通知','2019-04-17 06:28:33'),(2747,'AT2939','报餐成功通知','2019-04-17 06:28:33'),(2748,'AT2940','作文批改完成通知','2019-04-17 06:28:33'),(2749,'AT2941','案件节点超期提醒','2019-04-17 06:28:33'),(2750,'AT2942','入住登记成功通知','2019-04-17 06:28:33'),(2751,'AT2943','举报处理结果通知','2019-04-17 06:28:33'),(2752,'AT2944','订单货物安装提醒','2019-04-17 06:28:33'),(2753,'AT2945','宠物接送提醒','2019-04-17 06:28:33'),(2754,'AT2946','案件节点信息通知','2019-04-17 06:28:33'),(2755,'AT2947','投放支付成功提醒','2019-04-17 06:28:33'),(2756,'AT2948','送水完成通知','2019-04-17 06:28:33'),(2757,'AT2949','三维模型完成通知','2019-04-17 06:28:33'),(2758,'AT2950','转入失败通知','2019-04-17 06:28:33'),(2759,'AT2951','预约审核通过通知','2019-04-17 06:28:33'),(2760,'AT2952','店铺申请拒绝通知','2019-04-17 06:28:33'),(2761,'AT2953','检查报告完成通知','2019-04-17 06:28:34'),(2762,'AT2954','理赔结果通知','2019-04-17 06:28:34'),(2763,'AT2955','获取标签成功通知','2019-04-17 06:28:34'),(2764,'AT2956','获取标签失败通知','2019-04-17 06:28:34'),(2765,'AT2957','流动党员登记成功通知','2019-04-17 06:28:34'),(2766,'AT2958','邮件投递失败通知','2019-04-17 06:28:34'),(2767,'AT2959','待协助报告通知','2019-04-17 06:28:34'),(2768,'AT2960','退单审核通知','2019-04-17 06:28:34'),(2769,'AT2961','资料预审不通过通知','2019-04-17 06:28:34'),(2770,'AT2962','失联人员信息修复通知','2019-04-17 06:28:34'),(2771,'AT2963','信用卡账单日提醒','2019-04-17 06:28:34'),(2772,'AT2964','出差申请审批结果通知','2019-04-17 06:28:34'),(2773,'AT2965','技师已出发通知','2019-04-17 06:28:34'),(2774,'AT2966','加入黑名单提醒','2019-04-17 06:28:34'),(2775,'AT2967','地块违规通知','2019-04-17 06:28:34'),(2776,'AT2968','采购审核提醒','2019-04-17 06:28:34'),(2777,'AT2969','付款审核提醒','2019-04-17 06:28:34'),(2778,'AT2970','设备借用成功通知','2019-04-17 06:28:34'),(2779,'AT2971','账套续费失败提醒','2019-04-17 06:28:34'),(2780,'AT2972','预约申请成功通知','2019-04-17 06:28:34'),(2781,'AT2973','机器激活码生成通知','2019-04-17 06:28:34'),(2782,'AT2974','开票取消成功提醒','2019-04-17 06:28:34'),(2783,'AT2975','充电宝未归还通知','2019-04-17 06:28:34'),(2784,'AT2976','普通话等级成绩通知','2019-04-17 06:28:34'),(2785,'AT2977','预约拍摄成功通知','2019-04-17 06:28:34'),(2786,'AT2978','预约到访成功通知','2019-04-17 06:28:34'),(2787,'AT2979','申报待审批提醒','2019-04-17 06:28:34'),(2788,'AT2980','退款进度通知','2019-04-17 06:28:34'),(2789,'AT2981','整改已审核通知','2019-04-17 06:28:34'),(2790,'AT2982','客户分货成功通知','2019-04-17 06:28:34');
/*!40000 ALTER TABLE `t_template_library` ENABLE KEYS */;
UNLOCK TABLES;
/*!40103 SET TIME_ZONE=@OLD_TIME_ZONE */;

/*!40101 SET SQL_MODE=@OLD_SQL_MODE */;
/*!40014 SET FOREIGN_KEY_CHECKS=@OLD_FOREIGN_KEY_CHECKS */;
/*!40014 SET UNIQUE_CHECKS=@OLD_UNIQUE_CHECKS */;
/*!40101 SET CHARACTER_SET_CLIENT=@OLD_CHARACTER_SET_CLIENT */;
/*!40101 SET CHARACTER_SET_RESULTS=@OLD_CHARACTER_SET_RESULTS */;
/*!40101 SET COLLATION_CONNECTION=@OLD_COLLATION_CONNECTION */;
/*!40111 SET SQL_NOTES=@OLD_SQL_NOTES */;

-- Dump completed on 2019-04-17 17:30:34
